SAMPLE_NAME,EVENT_DATETIME,RESULT_VALUE,RESULT_QUALIFIER,UNIT,MRL,SITE_CODE,SAMPLE_METHOD,PARAMETER_NAME
25L0157,,,U,,,1301BAR0192B_DH,integrated_disturbance_sample,Anatoxin-a
25L0157,,,U,,,1301BAR0192B_DH,integrated_disturbance_sample,Cylindrospermopsin
25L0157,,,U,,,1301BAR0192B_DH,integrated_disturbance_sample,Microcystin-LA
25L0157,,,U,,,1301BAR0192B_DH,integrated_disturbance_sample,Microcystin-LF
25L0157,,,U,,,1301BAR0192B_DH,integrated_disturbance_sample,Microcystin-LR
25L0157,,,U,,,1301BAR0192B_DH,integrated_disturbance_sample,Microcystin-LY
25L0157,,,U,,,1301BAR0192B_DH,integrated_disturbance_sample,Microcystin-RR
25L0157,,,U,,,1301BAR0192B_DH,integrated_disturbance_sample,Microcystin-YR
25L0157,,,U,,,1301BAR0192B_DH,integrated_disturbance_sample,Nodularin
25L0159,,,U,,,1301BAR0192B_DH,scrape,Anatoxin-a
25L0159,,,U,,,1301BAR0192B_DH,scrape,Cylindrospermopsin
25L0159,,,U,,,1301BAR0192B_DH,scrape,Microcystin-LA
25L0159,,,U,,,1301BAR0192B_DH,scrape,Microcystin-LF
25L0159,,,U,,,1301BAR0192B_DH,scrape,Microcystin-LR
25L0159,,,U,,,1301BAR0192B_DH,scrape,Microcystin-LY
25L0159,,,U,,,1301BAR0192B_DH,scrape,Microcystin-RR
25L0159,,,U,,,1301BAR0192B_DH,scrape,Microcystin-YR
25L0159,,,U,,,1301BAR0192B_DH,scrape,Nodularin
25L0166,,,U,,,1301UWBXXX6_DH,integrated_disturbance_sample,Anatoxin-a
25L0166,,,U,,,1301UWBXXX6_DH,integrated_disturbance_sample,Cylindrospermopsin
25L0166,,,U,,,1301UWBXXX6_DH,integrated_disturbance_sample,Microcystin-LA
25L0166,,,U,,,1301UWBXXX6_DH,integrated_disturbance_sample,Microcystin-LF
25L0166,,,U,,,1301UWBXXX6_DH,integrated_disturbance_sample,Microcystin-LR
25L0166,,,U,,,1301UWBXXX6_DH,integrated_disturbance_sample,Microcystin-LY
25L0166,,,U,,,1301UWBXXX6_DH,integrated_disturbance_sample,Microcystin-RR
25L0166,,,U,,,1301UWBXXX6_DH,integrated_disturbance_sample,Microcystin-YR
25L0166,,,U,,,1301UWBXXX6_DH,integrated_disturbance_sample,Nodularin
25L0167,,,U,,,1301UWBXXX6_DH,floating_mat,Anatoxin-a
25L0167,,,U,,,1301UWBXXX6_DH,floating_mat,Cylindrospermopsin
25L0167,,,U,,,1301UWBXXX6_DH,floating_mat,Microcystin-LA
25L0167,,,U,,,1301UWBXXX6_DH,floating_mat,Microcystin-LF
25L0167,,,U,,,1301UWBXXX6_DH,floating_mat,Microcystin-LR
25L0167,,,U,,,1301UWBXXX6_DH,floating_mat,Microcystin-LY
25L0167,,,U,,,1301UWBXXX6_DH,floating_mat,Microcystin-RR
25L0167,,,U,,,1301UWBXXX6_DH,floating_mat,Microcystin-YR
25L0167,,,U,,,1301UWBXXX6_DH,floating_mat,Nodularin
25L0168,,,U,,,1301UWBXXX6_DH,scrape,Anatoxin-a
25L0168,,,U,,,1301UWBXXX6_DH,scrape,Cylindrospermopsin
25L0168,,,U,,,1301UWBXXX6_DH,scrape,Microcystin-LA
25L0168,,,U,,,1301UWBXXX6_DH,scrape,Microcystin-LF
25L0168,,,U,,,1301UWBXXX6_DH,scrape,Microcystin-LR
25L0168,,,U,,,1301UWBXXX6_DH,scrape,Microcystin-LY
25L0168,,,U,,,1301UWBXXX6_DH,scrape,Microcystin-RR
25L0168,,,U,,,1301UWBXXX6_DH,scrape,Microcystin-YR
25L0168,,,U,,,1301UWBXXX6_DH,scrape,Nodularin
25L0481,,,U,,,0905LON0237_DH,integrated_disturbance_sample,Anatoxin-a
25L0481,,,U,,,0905LON0237_DH,integrated_disturbance_sample,Cylindrospermopsin
25L0481,,,U,,,0905LON0237_DH,integrated_disturbance_sample,Microcystin-LA
25L0481,,,U,,,0905LON0237_DH,integrated_disturbance_sample,Microcystin-LF
25L0481,,,U,,,0905LON0237_DH,integrated_disturbance_sample,Microcystin-LR
25L0481,,,U,,,0905LON0237_DH,integrated_disturbance_sample,Microcystin-LY
25L0481,,,U,,,0905LON0237_DH,integrated_disturbance_sample,Microcystin-RR
25L0481,,,U,,,0905LON0237_DH,integrated_disturbance_sample,Microcystin-YR
25L0481,,,U,,,0905LON0237_DH,integrated_disturbance_sample,Nodularin
25L0483,,,U,,,0905LON0237_DH,scrape,Anatoxin-a
25L0483,,,U,,,0905LON0237_DH,scrape,Cylindrospermopsin
25L0483,,,U,,,0905LON0237_DH,scrape,Microcystin-LA
25L0483,,,U,,,0905LON0237_DH,scrape,Microcystin-LF
25L0483,,,U,,,0905LON0237_DH,scrape,Microcystin-LR
25L0483,,,U,,,0905LON0237_DH,scrape,Microcystin-LY
25L0483,,,U,,,0905LON0237_DH,scrape,Microcystin-RR
25L0483,,,U,,,0905LON0237_DH,scrape,Microcystin-YR
25L0483,,,U,,,0905LON0237_DH,scrape,Nodularin
