"EVENT_DATETIME","SITE_CODE","QAPP_ID","PROJECT","UNIT","TEST_TYPE","SUBSAMPLE_AMOUNT_UNIT","SUBSAMPLE_AMOUNT","SAMPLE_TYPE","SAMPLE_SOURCE","SAMPLE_ORGANIZATION","SAMPLE_NAME","SAMPLE_METHOD_REFERENCE","SAMPLE_METHOD_DESCRIPTION","SAMPLE_METHOD","SAMPLE_LONGITUDE","SAMPLE_LOCATION","SAMPLE_LATITUDE","SAMPLE_LAB","SAMPLE_DEPTH_METERS","SAMPLE_DELIVERY_GROUP","SAMPLE_CREW","SAMPLE_COMMENT","RESULT_VALUE","RESULT_TYPE_CODE","RESULT_QUALIFIER_NOTE","RESULT_QUALIFIER","RESULT_COMMENT","RESULT_CATEGORY","REPORTING_DETECTION_LIMIT","REPORTABLE_RESULT","REPLICATE","QUANTITATION_LIMIT","QUALIFIER_SOURCE","PREP_METHOD","PREP_DATETIME","PARAMETER_NAME","PARAMETER_CODE","METHOD_SPECIATION","METHOD_DETECTION_LIMIT","MATRIX","LAB_VALIDATION_LEVEL","LAB_SAMPLE_ID","LAB_QUALIFIER","LAB_ANALYTICAL_METHOD","FRACTION","FINAL_VOLUME_UNIT","FINAL_VOLUME","EVENT_ID","DILUTION_FACTOR","DETECT_FLAG","DETECTION_LIMIT_UNIT","CASRN","ANALYSIS_DATETIME"
2024-06-11 13:00:00,"1301SNY0377_DH","QAPP-LCI-0001_V24-1_Statewide","Lake Probability Sampling 2024-2025",NA,"not_provided","not_applicable",NA,NA,"lab","NYSDEC","24L0189","QAPP-WQM-0078_V24-1_Benthic-HABs","scrape","scrape",-73.6353636549636,"lake_littoral",42.6614433390713,"UFI",NA,"240612004","Thalmann,Aryanna",NA,NA,"not_provided","Non-detect","U",NA,"spirogyra",NA,"not_provided",1,NA,"NYSDEC","none",NA,"microscopy_dominant_taxa",NA,"not_applicable",NA,"water","not_provided","240612004-002",NA,"not_provided","not_applicable","not_applicable",NA,"1301SNY0377_DH_20240611T1300","10","not_provided","not_applicable",NA,2024-06-18
2024-06-11 13:00:00,"1301SNY0377_DH","QAPP-LCI-0001_V24-1_Statewide","Lake Probability Sampling 2024-2025",NA,"not_provided","not_applicable",NA,NA,"lab","NYSDEC","24L0189","QAPP-WQM-0078_V24-1_Benthic-HABs","scrape","scrape",-73.6353636549636,"lake_littoral",42.6614433390713,"UFI",NA,"240612004","Thalmann,Aryanna",NA,NA,"not_provided","Non-detect","U",NA,"pennate diatoms",NA,"not_provided",1,NA,"NYSDEC","none",NA,"microscopy_dominant_taxa",NA,"not_applicable",NA,"water","not_provided","240612004-002",NA,"not_provided","not_applicable","not_applicable",NA,"1301SNY0377_DH_20240611T1300","10","not_provided","not_applicable",NA,2024-06-18
2024-06-11 13:00:00,"1301SNY0377_DH","QAPP-LCI-0001_V24-1_Statewide","Lake Probability Sampling 2024-2025",NA,"not_provided","not_applicable",NA,NA,"lab","NYSDEC","24L0189","QAPP-WQM-0078_V24-1_Benthic-HABs","scrape","scrape",-73.6353636549636,"lake_littoral",42.6614433390713,"UFI",NA,"240612004","Thalmann,Aryanna",NA,NA,"not_provided","Non-detect","U",NA,"fragilaria",NA,"not_provided",1,NA,"NYSDEC","none",NA,"microscopy_dominant_taxa",NA,"not_applicable",NA,"water","not_provided","240612004-002",NA,"not_provided","not_applicable","not_applicable",NA,"1301SNY0377_DH_20240611T1300","10","not_provided","not_applicable",NA,2024-06-18
2024-06-11 13:00:00,"1301SNY0377_DH","QAPP-LCI-0001_V24-1_Statewide","Lake Probability Sampling 2024-2025",NA,"not_provided","not_applicable",NA,NA,"lab","NYSDEC","24L0189","QAPP-WQM-0078_V24-1_Benthic-HABs","scrape","scrape",-73.6353636549636,"lake_littoral",42.6614433390713,"UFI",NA,"240612004","Thalmann,Aryanna",NA,NA,"not_provided","Non-detect","U",NA,"zygnema",NA,"not_provided",1,NA,"NYSDEC","none",NA,"microscopy_dominant_taxa",NA,"not_applicable",NA,"water","not_provided","240612004-002",NA,"not_provided","not_applicable","not_applicable",NA,"1301SNY0377_DH_20240611T1300","10","not_provided","not_applicable",NA,2024-06-18
2024-06-12 13:00:00,"1202UWB5157_DH","QAPP-LCI-0001_V24-1_Statewide","Lake Probability Sampling 2024-2025",NA,"not_provided","not_applicable",NA,NA,"lab","NYSDEC","24L0188","QAPP-WQM-0078_V24-1_Benthic-HABs","scrape","scrape",-74.1460428541145,"lake_littoral",42.5755313822432,"UFI",NA,"240614001","Kraft,Mugits",NA,NA,"not_provided","Estimated concentration biased high","J+",NA,"scenedesmus",NA,"not_provided",1,NA,"NYSDEC","none",NA,"microscopy_dominant_taxa",NA,"not_applicable",NA,"water","not_provided","240614001-002",NA,"not_provided","not_applicable","not_applicable",NA,"1202UWB5157_DH_20240612T1300","1","not_provided","not_applicable",NA,2024-06-21
2024-06-12 13:00:00,"1202UWB5157_DH","QAPP-LCI-0001_V24-1_Statewide","Lake Probability Sampling 2024-2025",NA,"not_provided","not_applicable",NA,NA,"lab","NYSDEC","24L0188","QAPP-WQM-0078_V24-1_Benthic-HABs","scrape","scrape",-74.1460428541145,"lake_littoral",42.5755313822432,"UFI",NA,"240614001","Kraft,Mugits",NA,NA,"not_provided","Estimated concentration biased high","J+",NA,"pediastrum",NA,"not_provided",1,NA,"NYSDEC","none",NA,"microscopy_dominant_taxa",NA,"not_applicable",NA,"water","not_provided","240614001-002",NA,"not_provided","not_applicable","not_applicable",NA,"1202UWB5157_DH_20240612T1300","1","not_provided","not_applicable",NA,2024-06-21
2024-06-12 13:00:00,"1202UWB5157_DH","QAPP-LCI-0001_V24-1_Statewide","Lake Probability Sampling 2024-2025",NA,"not_provided","not_applicable",NA,NA,"lab","NYSDEC","24L0188","QAPP-WQM-0078_V24-1_Benthic-HABs","scrape","scrape",-74.1460428541145,"lake_littoral",42.5755313822432,"UFI",NA,"240614001","Kraft,Mugits",NA,NA,"not_provided","Estimated concentration biased high","J+",NA,"fragilaria",NA,"not_provided",1,NA,"NYSDEC","none",NA,"microscopy_dominant_taxa",NA,"not_applicable",NA,"water","not_provided","240614001-002",NA,"not_provided","not_applicable","not_applicable",NA,"1202UWB5157_DH_20240612T1300","1","not_provided","not_applicable",NA,2024-06-21
2024-06-12 13:00:00,"1202UWB5157_DH","QAPP-LCI-0001_V24-1_Statewide","Lake Probability Sampling 2024-2025",NA,"not_provided","not_applicable",NA,NA,"lab","NYSDEC","24L0188","QAPP-WQM-0078_V24-1_Benthic-HABs","scrape","scrape",-74.1460428541145,"lake_littoral",42.5755313822432,"UFI",NA,"240614001","Kraft,Mugits",NA,NA,"not_provided","Estimated concentration biased high","J+",NA,"coelastrum",NA,"not_provided",1,NA,"NYSDEC","none",NA,"microscopy_dominant_taxa",NA,"not_applicable",NA,"water","not_provided","240614001-002",NA,"not_provided","not_applicable","not_applicable",NA,"1202UWB5157_DH_20240612T1300","1","not_provided","not_applicable",NA,2024-06-21
2024-06-13 12:30:00,"1309UWB6509_DH","QAPP-LCI-0001_V24-1_Statewide","Lake Probability Sampling 2024-2025",NA,"not_provided","not_applicable",NA,NA,"lab","NYSDEC","24L0192","QAPP-WQM-0078_V24-1_Benthic-HABs","scrape","scrape",-74.0051824588962,"lake_littoral",42.3741686317574,"UFI",NA,"240614001","Thalmann,Aryanna",NA,NA,"not_provided","Non-detect","U",NA,"ankistrodesmus",NA,"not_provided",1,NA,"NYSDEC","none",NA,"microscopy_dominant_taxa",NA,"not_applicable",NA,"water","not_provided","240614001-004",NA,"not_provided","not_applicable","not_applicable",NA,"1309UWB6509_DH_20240613T1230","1","not_provided","not_applicable",NA,2024-06-21
2024-06-13 12:30:00,"1309UWB6509_DH","QAPP-LCI-0001_V24-1_Statewide","Lake Probability Sampling 2024-2025",NA,"not_provided","not_applicable",NA,NA,"lab","NYSDEC","24L0192","QAPP-WQM-0078_V24-1_Benthic-HABs","scrape","scrape",-74.0051824588962,"lake_littoral",42.3741686317574,"UFI",NA,"240614001","Thalmann,Aryanna",NA,NA,"not_provided","Non-detect","U",NA,"pennate diatoms",NA,"not_provided",1,NA,"NYSDEC","none",NA,"microscopy_dominant_taxa",NA,"not_applicable",NA,"water","not_provided","240614001-004",NA,"not_provided","not_applicable","not_applicable",NA,"1309UWB6509_DH_20240613T1230","1","not_provided","not_applicable",NA,2024-06-21
2024-06-13 12:30:00,"1309UWB6509_DH","QAPP-LCI-0001_V24-1_Statewide","Lake Probability Sampling 2024-2025",NA,"not_provided","not_applicable",NA,NA,"lab","NYSDEC","24L0192","QAPP-WQM-0078_V24-1_Benthic-HABs","scrape","scrape",-74.0051824588962,"lake_littoral",42.3741686317574,"UFI",NA,"240614001","Thalmann,Aryanna",NA,NA,"not_provided","Non-detect","U",NA,"staurastrum",NA,"not_provided",1,NA,"NYSDEC","none",NA,"microscopy_dominant_taxa",NA,"not_applicable",NA,"water","not_provided","240614001-004",NA,"not_provided","not_applicable","not_applicable",NA,"1309UWB6509_DH_20240613T1230","1","not_provided","not_applicable",NA,2024-06-21
2024-06-25 14:45:00,"1003BUC0061_DH","QAPP-LCI-0001_V24-1_Statewide","Lake Probability Sampling 2024-2025",NA,"not_provided","not_applicable",NA,NA,"lab","NYSDEC","24L0195","QAPP-WQM-0078_V24-1_Benthic-HABs","scrape","scrape",-74.1115356533441,"lake_littoral",44.5081722972346,"UFI",NA,"240627005","Kraft,Coppola,Aryanna Mugits",NA,NA,"not_provided",NA,NA,NA,"spirogyra",NA,"not_provided",1,NA,"NYSDEC","none",NA,"microscopy_dominant_taxa",NA,"not_applicable",NA,"water","not_provided","240627005-002",NA,"not_provided","not_applicable","not_applicable",NA,"1003BUC0061_DH_20240625T1445","1","not_provided","not_applicable",NA,2024-06-28
2024-06-25 14:45:00,"1003BUC0061_DH","QAPP-LCI-0001_V24-1_Statewide","Lake Probability Sampling 2024-2025",NA,"not_provided","not_applicable",NA,NA,"lab","NYSDEC","24L0195","QAPP-WQM-0078_V24-1_Benthic-HABs","scrape","scrape",-74.1115356533441,"lake_littoral",44.5081722972346,"UFI",NA,"240627005","Kraft,Coppola,Aryanna Mugits",NA,NA,"not_provided",NA,NA,NA,"tabellaria",NA,"not_provided",1,NA,"NYSDEC","none",NA,"microscopy_dominant_taxa",NA,"not_applicable",NA,"water","not_provided","240627005-002",NA,"not_provided","not_applicable","not_applicable",NA,"1003BUC0061_DH_20240625T1445","1","not_provided","not_applicable",NA,2024-06-28
2024-06-25 14:45:00,"1003BUC0061_DH","QAPP-LCI-0001_V24-1_Statewide","Lake Probability Sampling 2024-2025",NA,"not_provided","not_applicable",NA,NA,"lab","NYSDEC","24L0195","QAPP-WQM-0078_V24-1_Benthic-HABs","scrape","scrape",-74.1115356533441,"lake_littoral",44.5081722972346,"UFI",NA,"240627005","Kraft,Coppola,Aryanna Mugits",NA,NA,"not_provided",NA,NA,NA,"dolichospermum",NA,"not_provided",1,NA,"NYSDEC","none",NA,"microscopy_dominant_taxa",NA,"not_applicable",NA,"water","not_provided","240627005-002",NA,"not_provided","not_applicable","not_applicable",NA,"1003BUC0061_DH_20240625T1445","1","not_provided","not_applicable",NA,2024-06-28
2024-06-26 09:45:00,"0902BLA0256_DH","QAPP-LCI-0001_V24-1_Statewide","Lake Probability Sampling 2024-2025",NA,"not_provided","not_applicable",NA,NA,"lab","NYSDEC","24L0198","QAPP-WQM-0078_V24-1_Benthic-HABs","scrape","scrape",-74.2953990877497,"lake_littoral",44.4377853992218,"UFI",NA,"240701001","Kraft,Coppola,Aryanna Mugits",NA,NA,"not_provided","Non-detect","U",NA,"spirogyra",NA,"not_provided",1,NA,"NYSDEC","none",NA,"microscopy_dominant_taxa",NA,"not_applicable",NA,"water","not_provided","240701001-002",NA,"not_provided","not_applicable","not_applicable",NA,"0902BLA0256_DH_20240626T0945","1","not_provided","not_applicable",NA,2024-07-09
2024-06-26 09:45:00,"0902BLA0256_DH","QAPP-LCI-0001_V24-1_Statewide","Lake Probability Sampling 2024-2025",NA,"not_provided","not_applicable",NA,NA,"lab","NYSDEC","24L0198","QAPP-WQM-0078_V24-1_Benthic-HABs","scrape","scrape",-74.2953990877497,"lake_littoral",44.4377853992218,"UFI",NA,"240701001","Kraft,Coppola,Aryanna Mugits",NA,NA,"not_provided","Non-detect","U",NA,"cyclotella",NA,"not_provided",1,NA,"NYSDEC","none",NA,"microscopy_dominant_taxa",NA,"not_applicable",NA,"water","not_provided","240701001-002",NA,"not_provided","not_applicable","not_applicable",NA,"0902BLA0256_DH_20240626T0945","1","not_provided","not_applicable",NA,2024-07-09
2024-06-27 10:00:00,"1004LCA0270_DH","QAPP-LCI-0001_V24-1_Statewide","Lake Probability Sampling 2024-2025",NA,"not_provided","not_applicable",NA,NA,"lab","NYSDEC","24L0201","QAPP-WQM-0078_V24-1_Benthic-HABs","scrape","scrape",-73.8727788436689,"lake_littoral",44.2265061713438,"UFI",NA,"240701001","Kraft,Coppola",NA,NA,"not_provided","Non-detect","U",NA,"tabellaria",NA,"not_provided",1,NA,"NYSDEC","none",NA,"microscopy_dominant_taxa",NA,"not_applicable",NA,"water","not_provided","240701001-004",NA,"not_provided","not_applicable","not_applicable",NA,"1004LCA0270_DH_20240627T1000","1","not_provided","not_applicable",NA,2024-07-11
2024-06-27 10:00:00,"1004LCA0270_DH","QAPP-LCI-0001_V24-1_Statewide","Lake Probability Sampling 2024-2025",NA,"not_provided","not_applicable",NA,NA,"lab","NYSDEC","24L0201","QAPP-WQM-0078_V24-1_Benthic-HABs","scrape","scrape",-73.8727788436689,"lake_littoral",44.2265061713438,"UFI",NA,"240701001","Kraft,Coppola",NA,NA,"not_provided","Non-detect","U",NA,"spirogyra",NA,"not_provided",1,NA,"NYSDEC","none",NA,"microscopy_dominant_taxa",NA,"not_applicable",NA,"water","not_provided","240701001-004",NA,"not_provided","not_applicable","not_applicable",NA,"1004LCA0270_DH_20240627T1000","1","not_provided","not_applicable",NA,2024-07-11
2024-06-27 10:00:00,"1004LCA0270_DH","QAPP-LCI-0001_V24-1_Statewide","Lake Probability Sampling 2024-2025",NA,"not_provided","not_applicable",NA,NA,"lab","NYSDEC","24L0201","QAPP-WQM-0078_V24-1_Benthic-HABs","scrape","scrape",-73.8727788436689,"lake_littoral",44.2265061713438,"UFI",NA,"240701001","Kraft,Coppola",NA,NA,"not_provided","Non-detect","U",NA,"asterionella",NA,"not_provided",1,NA,"NYSDEC","none",NA,"microscopy_dominant_taxa",NA,"not_applicable",NA,"water","not_provided","240701001-004",NA,"not_provided","not_applicable","not_applicable",NA,"1004LCA0270_DH_20240627T1000","1","not_provided","not_applicable",NA,2024-07-11
2024-06-27 10:00:00,"1004LCA0270_DH","QAPP-LCI-0001_V24-1_Statewide","Lake Probability Sampling 2024-2025",NA,"not_provided","not_applicable",NA,NA,"lab","NYSDEC","24L0201","QAPP-WQM-0078_V24-1_Benthic-HABs","scrape","scrape",-73.8727788436689,"lake_littoral",44.2265061713438,"UFI",NA,"240701001","Kraft,Coppola",NA,NA,"not_provided","Non-detect","U",NA,"fragilaria",NA,"not_provided",1,NA,"NYSDEC","none",NA,"microscopy_dominant_taxa",NA,"not_applicable",NA,"water","not_provided","240701001-004",NA,"not_provided","not_applicable","not_applicable",NA,"1004LCA0270_DH_20240627T1000","1","not_provided","not_applicable",NA,2024-07-11
2024-07-16 14:00:00,"1306UWB0597_DH","QAPP-LCI-0001_V24-1_Statewide","Lake Probability Sampling 2024-2025",NA,"not_provided","not_applicable",NA,NA,"lab","NYSDEC","24L0345","QAPP-WQM-0078_V24-1_Benthic-HABs","scrape","scrape",-74.4327902142652,"lake_littoral",41.4574864833071,"UFI",NA,"240718001","Thalmann,Mugits",NA,NA,"not_provided",NA,NA,NA,"microcystis",NA,"not_provided",1,NA,"NYSDEC","none",NA,"microscopy_dominant_taxa",NA,"not_applicable",NA,"water","not_provided","240718001-002",NA,"not_provided","not_applicable","not_applicable",NA,"1306UWB0597_DH_20240716T1400","15","not_provided","not_applicable",NA,2024-07-26
2024-07-16 14:00:00,"1306UWB0597_DH","QAPP-LCI-0001_V24-1_Statewide","Lake Probability Sampling 2024-2025",NA,"not_provided","not_applicable",NA,NA,"lab","NYSDEC","24L0345","QAPP-WQM-0078_V24-1_Benthic-HABs","scrape","scrape",-74.4327902142652,"lake_littoral",41.4574864833071,"UFI",NA,"240718001","Thalmann,Mugits",NA,NA,"not_provided",NA,NA,NA,"volvox",NA,"not_provided",1,NA,"NYSDEC","none",NA,"microscopy_dominant_taxa",NA,"not_applicable",NA,"water","not_provided","240718001-002",NA,"not_provided","not_applicable","not_applicable",NA,"1306UWB0597_DH_20240716T1400","15","not_provided","not_applicable",NA,2024-07-26
2024-07-16 14:00:00,"1306UWB0597_DH","QAPP-LCI-0001_V24-1_Statewide","Lake Probability Sampling 2024-2025",NA,"not_provided","not_applicable",NA,NA,"lab","NYSDEC","24L0345","QAPP-WQM-0078_V24-1_Benthic-HABs","scrape","scrape",-74.4327902142652,"lake_littoral",41.4574864833071,"UFI",NA,"240718001","Thalmann,Mugits",NA,NA,"not_provided",NA,NA,NA,"planktothrix",NA,"not_provided",1,NA,"NYSDEC","none",NA,"microscopy_dominant_taxa",NA,"not_applicable",NA,"water","not_provided","240718001-002",NA,"not_provided","not_applicable","not_applicable",NA,"1306UWB0597_DH_20240716T1400","15","not_provided","not_applicable",NA,2024-07-26
2024-07-17 13:00:00,"1402KIA0044_DH","QAPP-LCI-0001_V24-1_Statewide","Lake Probability Sampling 2024-2025",NA,"not_provided","not_applicable",NA,NA,"lab","NYSDEC","24L0348","QAPP-WQM-0078_V24-1_Benthic-HABs","scrape","scrape",-74.6644152691978,"lake_littoral",41.6786574095565,"UFI",NA,"240718001","Mugits,Thalmann",NA,NA,"not_provided",NA,NA,NA,"staurastrum",NA,"not_provided",1,NA,"NYSDEC","none",NA,"microscopy_dominant_taxa",NA,"not_applicable",NA,"water","not_provided","240718001-004",NA,"not_provided","not_applicable","not_applicable",NA,"1402KIA0044_DH_20240717T1300","1","not_provided","not_applicable",NA,2024-07-18
2024-07-17 13:00:00,"1402KIA0044_DH","QAPP-LCI-0001_V24-1_Statewide","Lake Probability Sampling 2024-2025",NA,"not_provided","not_applicable",NA,NA,"lab","NYSDEC","24L0348","QAPP-WQM-0078_V24-1_Benthic-HABs","scrape","scrape",-74.6644152691978,"lake_littoral",41.6786574095565,"UFI",NA,"240718001","Mugits,Thalmann",NA,NA,"not_provided",NA,NA,NA,"dolichospermum",NA,"not_provided",1,NA,"NYSDEC","none",NA,"microscopy_dominant_taxa",NA,"not_applicable",NA,"water","not_provided","240718001-004",NA,"not_provided","not_applicable","not_applicable",NA,"1402KIA0044_DH_20240717T1300","1","not_provided","not_applicable",NA,2024-07-18
2024-07-17 13:00:00,"1402KIA0044_DH","QAPP-LCI-0001_V24-1_Statewide","Lake Probability Sampling 2024-2025",NA,"not_provided","not_applicable",NA,NA,"lab","NYSDEC","24L0348","QAPP-WQM-0078_V24-1_Benthic-HABs","scrape","scrape",-74.6644152691978,"lake_littoral",41.6786574095565,"UFI",NA,"240718001","Mugits,Thalmann",NA,NA,"not_provided",NA,NA,NA,"fragilaria",NA,"not_provided",1,NA,"NYSDEC","none",NA,"microscopy_dominant_taxa",NA,"not_applicable",NA,"water","not_provided","240718001-004",NA,"not_provided","not_applicable","not_applicable",NA,"1402KIA0044_DH_20240717T1300","1","not_provided","not_applicable",NA,2024-07-18
2024-07-17 13:00:00,"1402KIA0044_DH","QAPP-LCI-0001_V24-1_Statewide","Lake Probability Sampling 2024-2025",NA,"not_provided","not_applicable",NA,NA,"lab","NYSDEC","24L0348","QAPP-WQM-0078_V24-1_Benthic-HABs","scrape","scrape",-74.6644152691978,"lake_littoral",41.6786574095565,"UFI",NA,"240718001","Mugits,Thalmann",NA,NA,"not_provided",NA,NA,NA,"pediastrum",NA,"not_provided",1,NA,"NYSDEC","none",NA,"microscopy_dominant_taxa",NA,"not_applicable",NA,"water","not_provided","240718001-004",NA,"not_provided","not_applicable","not_applicable",NA,"1402KIA0044_DH_20240717T1300","1","not_provided","not_applicable",NA,2024-07-18
2024-07-16 15:15:00,"1302MAH0053_DH","QAPP-LCI-0001_V24-1_Statewide","Lake Probability Sampling 2024-2025",NA,"not_provided","not_applicable",NA,NA,"lab","NYSDEC","24L0336","QAPP-WQM-0078_V24-1_Benthic-HABs","scrape","scrape",-73.7416820769569,"lake_littoral",41.3818756607193,"UFI",NA,"240718001","Roberts,Kraft,Coppola",NA,NA,"not_provided","Non-detect","U",NA,"spirogyra",NA,"not_provided",1,NA,"NYSDEC","none",NA,"microscopy_dominant_taxa",NA,"not_applicable",NA,"water","not_provided","240718001-009",NA,"not_provided","not_applicable","not_applicable",NA,"1302MAH0053_DH_20240716T1515","1","not_provided","not_applicable",NA,2024-07-18
2024-07-16 15:15:00,"1302MAH0053_DH","QAPP-LCI-0001_V24-1_Statewide","Lake Probability Sampling 2024-2025",NA,"not_provided","not_applicable",NA,NA,"lab","NYSDEC","24L0336","QAPP-WQM-0078_V24-1_Benthic-HABs","scrape","scrape",-73.7416820769569,"lake_littoral",41.3818756607193,"UFI",NA,"240718001","Roberts,Kraft,Coppola",NA,NA,"not_provided","Non-detect","U",NA,"staurastrum",NA,"not_provided",1,NA,"NYSDEC","none",NA,"microscopy_dominant_taxa",NA,"not_applicable",NA,"water","not_provided","240718001-009",NA,"not_provided","not_applicable","not_applicable",NA,"1302MAH0053_DH_20240716T1515","1","not_provided","not_applicable",NA,2024-07-18
2024-07-17 10:00:00,"1304UWB0352B_DH","QAPP-LCI-0001_V24-1_Statewide","Lake Probability Sampling 2024-2025",NA,"not_provided","not_applicable",NA,NA,"lab","NYSDEC","24L0339","QAPP-WQM-0078_V24-1_Benthic-HABs","scrape","scrape",-73.7436117156478,"lake_littoral",41.6020013358185,"UFI",NA,"240718001","Coppola,Kraft,Roberts",NA,NA,"not_provided","Non-detect","U",NA,"staurastrum",NA,"not_provided",1,NA,"NYSDEC","none",NA,"microscopy_dominant_taxa",NA,"not_applicable",NA,"water","not_provided","240718001-011",NA,"not_provided","not_applicable","not_applicable",NA,"1304UWB0352B_DH_20240717T1000","1","not_provided","not_applicable",NA,2024-07-18
2024-07-17 10:00:00,"1304UWB0352B_DH","QAPP-LCI-0001_V24-1_Statewide","Lake Probability Sampling 2024-2025",NA,"not_provided","not_applicable",NA,NA,"lab","NYSDEC","24L0339","QAPP-WQM-0078_V24-1_Benthic-HABs","scrape","scrape",-73.7436117156478,"lake_littoral",41.6020013358185,"UFI",NA,"240718001","Coppola,Kraft,Roberts",NA,NA,"not_provided","Non-detect","U",NA,"spirogyra",NA,"not_provided",1,NA,"NYSDEC","none",NA,"microscopy_dominant_taxa",NA,"not_applicable",NA,"water","not_provided","240718001-011",NA,"not_provided","not_applicable","not_applicable",NA,"1304UWB0352B_DH_20240717T1000","1","not_provided","not_applicable",NA,2024-07-18
2024-07-17 10:00:00,"1304UWB0352B_DH","QAPP-LCI-0001_V24-1_Statewide","Lake Probability Sampling 2024-2025",NA,"not_provided","not_applicable",NA,NA,"lab","NYSDEC","24L0339","QAPP-WQM-0078_V24-1_Benthic-HABs","scrape","scrape",-73.7436117156478,"lake_littoral",41.6020013358185,"UFI",NA,"240718001","Coppola,Kraft,Roberts",NA,NA,"not_provided","Non-detect","U",NA,"fragilaria",NA,"not_provided",1,NA,"NYSDEC","none",NA,"microscopy_dominant_taxa",NA,"not_applicable",NA,"water","not_provided","240718001-011",NA,"not_provided","not_applicable","not_applicable",NA,"1304UWB0352B_DH_20240717T1000","1","not_provided","not_applicable",NA,2024-07-18
2024-07-17 10:00:00,"1304UWB0352B_DH","QAPP-LCI-0001_V24-1_Statewide","Lake Probability Sampling 2024-2025",NA,"not_provided","not_applicable",NA,NA,"lab","NYSDEC","24L0339","QAPP-WQM-0078_V24-1_Benthic-HABs","scrape","scrape",-73.7436117156478,"lake_littoral",41.6020013358185,"UFI",NA,"240718001","Coppola,Kraft,Roberts",NA,NA,"not_provided","Non-detect","U",NA,"pennate diatoms",NA,"not_provided",1,NA,"NYSDEC","none",NA,"microscopy_dominant_taxa",NA,"not_applicable",NA,"water","not_provided","240718001-011",NA,"not_provided","not_applicable","not_applicable",NA,"1304UWB0352B_DH_20240717T1000","1","not_provided","not_applicable",NA,2024-07-18
2024-07-18 10:00:00,"1301CEL0166_DH","QAPP-LCI-0001_V24-1_Statewide","Lake Probability Sampling 2024-2025",NA,"not_provided","not_applicable",NA,NA,"lab","NYSDEC","24L0341","QAPP-WQM-0078_V24-1_Benthic-HABs","bottle","floating_mat",-73.899878129219,"lake_littoral",41.3634142583466,"UFI",NA,"240719004","Coppola,Kraft,Roberts",NA,NA,"not_provided","Non-detect","U",NA,"oscillatoria",NA,"not_provided",1,NA,"NYSDEC","none",NA,"microscopy_dominant_taxa",NA,"not_applicable",NA,"water","not_provided","240719004-002",NA,"not_provided","not_applicable","not_applicable",NA,"1301CEL0166_DH_20240718T1000","15","not_provided","not_applicable",NA,2024-07-26
2024-07-18 10:00:00,"1301CEL0166_DH","QAPP-LCI-0001_V24-1_Statewide","Lake Probability Sampling 2024-2025",NA,"not_provided","not_applicable",NA,NA,"lab","NYSDEC","24L0341","QAPP-WQM-0078_V24-1_Benthic-HABs","bottle","floating_mat",-73.899878129219,"lake_littoral",41.3634142583466,"UFI",NA,"240719004","Coppola,Kraft,Roberts",NA,NA,"not_provided","Non-detect","U",NA,"pennate diatoms",NA,"not_provided",1,NA,"NYSDEC","none",NA,"microscopy_dominant_taxa",NA,"not_applicable",NA,"water","not_provided","240719004-002",NA,"not_provided","not_applicable","not_applicable",NA,"1301CEL0166_DH_20240718T1000","15","not_provided","not_applicable",NA,2024-07-26
2024-07-18 10:00:00,"1301CEL0166_DH","QAPP-LCI-0001_V24-1_Statewide","Lake Probability Sampling 2024-2025",NA,"not_provided","not_applicable",NA,NA,"lab","NYSDEC","24L0341","QAPP-WQM-0078_V24-1_Benthic-HABs","bottle","floating_mat",-73.899878129219,"lake_littoral",41.3634142583466,"UFI",NA,"240719004","Coppola,Kraft,Roberts",NA,NA,"not_provided","Non-detect","U",NA,"ankistrodesmus",NA,"not_provided",1,NA,"NYSDEC","none",NA,"microscopy_dominant_taxa",NA,"not_applicable",NA,"water","not_provided","240719004-002",NA,"not_provided","not_applicable","not_applicable",NA,"1301CEL0166_DH_20240718T1000","15","not_provided","not_applicable",NA,2024-07-26
2024-07-18 10:00:00,"1301CEL0166_DH","QAPP-LCI-0001_V24-1_Statewide","Lake Probability Sampling 2024-2025",NA,"not_provided","not_applicable",NA,NA,"lab","NYSDEC","24L0342","QAPP-WQM-0078_V24-1_Benthic-HABs","scrape","scrape",-73.899878129219,"lake_littoral",41.3634142583466,"UFI",NA,"240719004","Coppola,Kraft,Roberts",NA,NA,"not_provided","Non-detect","U",NA,"dolichospermum",NA,"not_provided",1,NA,"NYSDEC","none",NA,"microscopy_dominant_taxa",NA,"not_applicable",NA,"water","not_provided","240719004-003",NA,"not_provided","not_applicable","not_applicable",NA,"1301CEL0166_DH_20240718T1000","1","not_provided","not_applicable",NA,2024-07-26
2024-07-18 10:00:00,"1301CEL0166_DH","QAPP-LCI-0001_V24-1_Statewide","Lake Probability Sampling 2024-2025",NA,"not_provided","not_applicable",NA,NA,"lab","NYSDEC","24L0342","QAPP-WQM-0078_V24-1_Benthic-HABs","scrape","scrape",-73.899878129219,"lake_littoral",41.3634142583466,"UFI",NA,"240719004","Coppola,Kraft,Roberts",NA,NA,"not_provided","Non-detect","U",NA,"oscillatoria",NA,"not_provided",1,NA,"NYSDEC","none",NA,"microscopy_dominant_taxa",NA,"not_applicable",NA,"water","not_provided","240719004-003",NA,"not_provided","not_applicable","not_applicable",NA,"1301CEL0166_DH_20240718T1000","1","not_provided","not_applicable",NA,2024-07-26
2024-07-18 10:00:00,"1301CEL0166_DH","QAPP-LCI-0001_V24-1_Statewide","Lake Probability Sampling 2024-2025",NA,"not_provided","not_applicable",NA,NA,"lab","NYSDEC","24L0342","QAPP-WQM-0078_V24-1_Benthic-HABs","scrape","scrape",-73.899878129219,"lake_littoral",41.3634142583466,"UFI",NA,"240719004","Coppola,Kraft,Roberts",NA,NA,"not_provided","Non-detect","U",NA,"pennate diatoms",NA,"not_provided",1,NA,"NYSDEC","none",NA,"microscopy_dominant_taxa",NA,"not_applicable",NA,"water","not_provided","240719004-003",NA,"not_provided","not_applicable","not_applicable",NA,"1301CEL0166_DH_20240718T1000","1","not_provided","not_applicable",NA,2024-07-26
2024-07-18 10:00:00,"1301CEL0166_DH","QAPP-LCI-0001_V24-1_Statewide","Lake Probability Sampling 2024-2025",NA,"not_provided","not_applicable",NA,NA,"lab","NYSDEC","24L0342","QAPP-WQM-0078_V24-1_Benthic-HABs","scrape","scrape",-73.899878129219,"lake_littoral",41.3634142583466,"UFI",NA,"240719004","Coppola,Kraft,Roberts",NA,NA,"not_provided","Non-detect","U",NA,"ankistrodesmus",NA,"not_provided",1,NA,"NYSDEC","none",NA,"microscopy_dominant_taxa",NA,"not_applicable",NA,"water","not_provided","240719004-003",NA,"not_provided","not_applicable","not_applicable",NA,"1301CEL0166_DH_20240718T1000","1","not_provided","not_applicable",NA,2024-07-26
2024-07-18 12:30:00,"1401FOX0192_DH","QAPP-LCI-0001_V24-1_Statewide","Lake Probability Sampling 2024-2025",NA,"not_provided","not_applicable",NA,NA,"lab","NYSDEC","24L0351","QAPP-WQM-0078_V24-1_Benthic-HABs","scrape","scrape",-74.9380111043108,"lake_littoral",41.5922026522847,"UFI",NA,"240719004","Thalmann,Mugits",NA,NA,"not_provided",NA,NA,NA,"staurastrum",NA,"not_provided",1,NA,"NYSDEC","none",NA,"microscopy_dominant_taxa",NA,"not_applicable",NA,"water","not_provided","240719004-006",NA,"not_provided","not_applicable","not_applicable",NA,"1401FOX0192_DH_20240718T1230","1","not_provided","not_applicable",NA,2024-07-26
2024-07-18 12:30:00,"1401FOX0192_DH","QAPP-LCI-0001_V24-1_Statewide","Lake Probability Sampling 2024-2025",NA,"not_provided","not_applicable",NA,NA,"lab","NYSDEC","24L0351","QAPP-WQM-0078_V24-1_Benthic-HABs","scrape","scrape",-74.9380111043108,"lake_littoral",41.5922026522847,"UFI",NA,"240719004","Thalmann,Mugits",NA,NA,"not_provided",NA,NA,NA,"coccoid greens",NA,"not_provided",1,NA,"NYSDEC","none",NA,"microscopy_dominant_taxa",NA,"not_applicable",NA,"water","not_provided","240719004-006",NA,"not_provided","not_applicable","not_applicable",NA,"1401FOX0192_DH_20240718T1230","1","not_provided","not_applicable",NA,2024-07-26
2024-07-30 14:30:00,"1002ROX5044_DH","QAPP-LCI-0001_V24-1_Statewide","Lake Probability Sampling 2024-2025",NA,"not_provided","not_applicable",NA,NA,"lab","NYSDEC","24L0383","QAPP-WQM-0078_V24-1_Benthic-HABs","scrape","scrape",-73.8122642225429,"lake_littoral",44.8971314592134,"UFI",NA,"240801005","Thalmann,Mugits",NA,NA,"not_provided","Non-detect","U",NA,"tabellaria",NA,"not_provided",1,NA,"NYSDEC","none",NA,"microscopy_dominant_taxa",NA,"not_applicable",NA,"water","not_provided","240801005-002",NA,"not_provided","not_applicable","not_applicable",NA,"1002ROX5044_DH_20240730T1430","1","not_provided","not_applicable",NA,2024-08-06
2024-07-30 14:30:00,"1002ROX5044_DH","QAPP-LCI-0001_V24-1_Statewide","Lake Probability Sampling 2024-2025",NA,"not_provided","not_applicable",NA,NA,"lab","NYSDEC","24L0383","QAPP-WQM-0078_V24-1_Benthic-HABs","scrape","scrape",-73.8122642225429,"lake_littoral",44.8971314592134,"UFI",NA,"240801005","Thalmann,Mugits",NA,NA,"not_provided","Non-detect","U",NA,"volvox",NA,"not_provided",1,NA,"NYSDEC","none",NA,"microscopy_dominant_taxa",NA,"not_applicable",NA,"water","not_provided","240801005-002",NA,"not_provided","not_applicable","not_applicable",NA,"1002ROX5044_DH_20240730T1430","1","not_provided","not_applicable",NA,2024-08-06
2024-07-30 14:30:00,"1002ROX5044_DH","QAPP-LCI-0001_V24-1_Statewide","Lake Probability Sampling 2024-2025",NA,"not_provided","not_applicable",NA,NA,"lab","NYSDEC","24L0383","QAPP-WQM-0078_V24-1_Benthic-HABs","scrape","scrape",-73.8122642225429,"lake_littoral",44.8971314592134,"UFI",NA,"240801005","Thalmann,Mugits",NA,NA,"not_provided","Non-detect","U",NA,"ankistrodesmus",NA,"not_provided",1,NA,"NYSDEC","none",NA,"microscopy_dominant_taxa",NA,"not_applicable",NA,"water","not_provided","240801005-002",NA,"not_provided","not_applicable","not_applicable",NA,"1002ROX5044_DH_20240730T1430","1","not_provided","not_applicable",NA,2024-08-06
2024-07-31 13:30:00,"0902MOU0050_DH","QAPP-LCI-0001_V24-1_Statewide","Lake Probability Sampling 2024-2025",NA,"not_provided","not_applicable",NA,NA,"lab","NYSDEC","24L0385","QAPP-WQM-0078_V24-1_Benthic-HABs","bottle","floating_mat",-74.1298174299493,"lake_littoral",44.7067652663487,"UFI",NA,"240801005","Mugits,Thalmann",NA,NA,"not_provided","Non-detect","U",NA,"planktothrix",NA,"not_provided",1,NA,"NYSDEC","none",NA,"microscopy_dominant_taxa",NA,"not_applicable",NA,"water","not_provided","240801005-004",NA,"not_provided","not_applicable","not_applicable",NA,"0902MOU0050_DH_20240731T1330","1","not_provided","not_applicable",NA,2024-08-06
2024-07-31 13:30:00,"0902MOU0050_DH","QAPP-LCI-0001_V24-1_Statewide","Lake Probability Sampling 2024-2025",NA,"not_provided","not_applicable",NA,NA,"lab","NYSDEC","24L0385","QAPP-WQM-0078_V24-1_Benthic-HABs","bottle","floating_mat",-74.1298174299493,"lake_littoral",44.7067652663487,"UFI",NA,"240801005","Mugits,Thalmann",NA,NA,"not_provided","Non-detect","U",NA,"filamentous greens",NA,"not_provided",1,NA,"NYSDEC","none",NA,"microscopy_dominant_taxa",NA,"not_applicable",NA,"water","not_provided","240801005-004",NA,"not_provided","not_applicable","not_applicable",NA,"0902MOU0050_DH_20240731T1330","1","not_provided","not_applicable",NA,2024-08-06
2024-07-31 13:30:00,"0902MOU0050_DH","QAPP-LCI-0001_V24-1_Statewide","Lake Probability Sampling 2024-2025",NA,"not_provided","not_applicable",NA,NA,"lab","NYSDEC","24L0386","QAPP-WQM-0078_V24-1_Benthic-HABs","scrape","scrape",-74.1298174299493,"lake_littoral",44.7067652663487,"UFI",NA,"240801005","Mugits,Thalmann",NA,NA,"not_provided","Non-detect","U",NA,"pennate diatoms",NA,"not_provided",1,NA,"NYSDEC","none",NA,"microscopy_dominant_taxa",NA,"not_applicable",NA,"water","not_provided","240801005-005",NA,"not_provided","not_applicable","not_applicable",NA,"0902MOU0050_DH_20240731T1330","1","not_provided","not_applicable",NA,2024-08-06
2024-07-31 13:30:00,"0902MOU0050_DH","QAPP-LCI-0001_V24-1_Statewide","Lake Probability Sampling 2024-2025",NA,"not_provided","not_applicable",NA,NA,"lab","NYSDEC","24L0386","QAPP-WQM-0078_V24-1_Benthic-HABs","scrape","scrape",-74.1298174299493,"lake_littoral",44.7067652663487,"UFI",NA,"240801005","Mugits,Thalmann",NA,NA,"not_provided","Non-detect","U",NA,"filamentous greens",NA,"not_provided",1,NA,"NYSDEC","none",NA,"microscopy_dominant_taxa",NA,"not_applicable",NA,"water","not_provided","240801005-005",NA,"not_provided","not_applicable","not_applicable",NA,"0902MOU0050_DH_20240731T1330","1","not_provided","not_applicable",NA,2024-08-06
2024-08-01 10:30:00,"1004TRO0306_DH","QAPP-LCI-0001_V24-1_Statewide","Lake Probability Sampling 2024-2025",NA,"not_provided","not_applicable",NA,NA,"lab","NYSDEC","24L0389","QAPP-WQM-0078_V24-1_Benthic-HABs","scrape","scrape",-73.5740072626234,"lake_littoral",44.4204888451369,"UFI",NA,"240802002","Mugits,Thalmann",NA,NA,"not_provided","Non-detect","U",NA,"dolichospermum",NA,"not_provided",1,NA,"NYSDEC","none",NA,"microscopy_dominant_taxa",NA,"not_applicable",NA,"water","not_provided","240802002-003",NA,"not_provided","not_applicable","not_applicable",NA,"1004TRO0306_DH_20240801T1030","1","not_provided","not_applicable",NA,2024-08-06
2024-08-01 10:30:00,"1004TRO0306_DH","QAPP-LCI-0001_V24-1_Statewide","Lake Probability Sampling 2024-2025",NA,"not_provided","not_applicable",NA,NA,"lab","NYSDEC","24L0389","QAPP-WQM-0078_V24-1_Benthic-HABs","scrape","scrape",-73.5740072626234,"lake_littoral",44.4204888451369,"UFI",NA,"240802002","Mugits,Thalmann",NA,NA,"not_provided","Non-detect","U",NA,"planktothrix",NA,"not_provided",1,NA,"NYSDEC","none",NA,"microscopy_dominant_taxa",NA,"not_applicable",NA,"water","not_provided","240802002-003",NA,"not_provided","not_applicable","not_applicable",NA,"1004TRO0306_DH_20240801T1030","1","not_provided","not_applicable",NA,2024-08-06
2024-08-01 10:30:00,"1004TRO0306_DH","QAPP-LCI-0001_V24-1_Statewide","Lake Probability Sampling 2024-2025",NA,"not_provided","not_applicable",NA,NA,"lab","NYSDEC","24L0389","QAPP-WQM-0078_V24-1_Benthic-HABs","scrape","scrape",-73.5740072626234,"lake_littoral",44.4204888451369,"UFI",NA,"240802002","Mugits,Thalmann",NA,NA,"not_provided","Non-detect","U",NA,"tabellaria",NA,"not_provided",1,NA,"NYSDEC","none",NA,"microscopy_dominant_taxa",NA,"not_applicable",NA,"water","not_provided","240802002-003",NA,"not_provided","not_applicable","not_applicable",NA,"1004TRO0306_DH_20240801T1030","1","not_provided","not_applicable",NA,2024-08-06
2024-07-31 14:15:00,"0903LEA0093_DH","QAPP-LCI-0001_V24-1_Statewide","Lake Probability Sampling 2024-2025",NA,"not_provided","not_applicable",NA,NA,"lab","NYSDEC","24L0374","QAPP-WQM-0078_V24-1_Benthic-HABs","scrape","scrape",-74.4116796555927,"lake_littoral",44.281446504466,"UFI",NA,"240802002","Coppola,Roberts",NA,NA,"not_provided","Non-detect","U",NA,"dolichospermum",NA,"not_provided",1,NA,"NYSDEC","none",NA,"microscopy_dominant_taxa",NA,"not_applicable",NA,"water","not_provided","240802002-007",NA,"not_provided","not_applicable","not_applicable",NA,"0903LEA0093_DH_20240731T1415","1","not_provided","not_applicable",NA,2024-08-06
2024-07-31 14:15:00,"0903LEA0093_DH","QAPP-LCI-0001_V24-1_Statewide","Lake Probability Sampling 2024-2025",NA,"not_provided","not_applicable",NA,NA,"lab","NYSDEC","24L0374","QAPP-WQM-0078_V24-1_Benthic-HABs","scrape","scrape",-74.4116796555927,"lake_littoral",44.281446504466,"UFI",NA,"240802002","Coppola,Roberts",NA,NA,"not_provided","Non-detect","U",NA,"spirogyra",NA,"not_provided",1,NA,"NYSDEC","none",NA,"microscopy_dominant_taxa",NA,"not_applicable",NA,"water","not_provided","240802002-007",NA,"not_provided","not_applicable","not_applicable",NA,"0903LEA0093_DH_20240731T1415","1","not_provided","not_applicable",NA,2024-08-06
2024-07-31 14:15:00,"0903LEA0093_DH","QAPP-LCI-0001_V24-1_Statewide","Lake Probability Sampling 2024-2025",NA,"not_provided","not_applicable",NA,NA,"lab","NYSDEC","24L0374","QAPP-WQM-0078_V24-1_Benthic-HABs","scrape","scrape",-74.4116796555927,"lake_littoral",44.281446504466,"UFI",NA,"240802002","Coppola,Roberts",NA,NA,"not_provided","Non-detect","U",NA,"tabellaria",NA,"not_provided",1,NA,"NYSDEC","none",NA,"microscopy_dominant_taxa",NA,"not_applicable",NA,"water","not_provided","240802002-007",NA,"not_provided","not_applicable","not_applicable",NA,"0903LEA0093_DH_20240731T1415","1","not_provided","not_applicable",NA,2024-08-06
2024-07-30 16:15:00,"1003FLO0142_DH","QAPP-LCI-0001_V24-1_Statewide","Lake Probability Sampling 2024-2025",NA,"not_provided","not_applicable",NA,NA,"lab","NYSDEC","24L0377","QAPP-WQM-0078_V24-1_Benthic-HABs","scrape","scrape",-74.3891687720466,"lake_littoral",44.3316289074053,"UFI",NA,"240802002","Roberts,Coppola",NA,NA,"not_provided",NA,NA,NA,"microcystis",NA,"not_provided",1,NA,"NYSDEC","none",NA,"microscopy_dominant_taxa",NA,"not_applicable",NA,"water","not_provided","240802002-009",NA,"not_provided","not_applicable","not_applicable",NA,"1003FLO0142_DH_20240730T1615","1","not_provided","not_applicable",NA,2024-08-06
2024-07-30 16:15:00,"1003FLO0142_DH","QAPP-LCI-0001_V24-1_Statewide","Lake Probability Sampling 2024-2025",NA,"not_provided","not_applicable",NA,NA,"lab","NYSDEC","24L0377","QAPP-WQM-0078_V24-1_Benthic-HABs","scrape","scrape",-74.3891687720466,"lake_littoral",44.3316289074053,"UFI",NA,"240802002","Roberts,Coppola",NA,NA,"not_provided",NA,NA,NA,"dolichospermum",NA,"not_provided",1,NA,"NYSDEC","none",NA,"microscopy_dominant_taxa",NA,"not_applicable",NA,"water","not_provided","240802002-009",NA,"not_provided","not_applicable","not_applicable",NA,"1003FLO0142_DH_20240730T1615","1","not_provided","not_applicable",NA,2024-08-06
2024-07-30 16:15:00,"1003FLO0142_DH","QAPP-LCI-0001_V24-1_Statewide","Lake Probability Sampling 2024-2025",NA,"not_provided","not_applicable",NA,NA,"lab","NYSDEC","24L0377","QAPP-WQM-0078_V24-1_Benthic-HABs","scrape","scrape",-74.3891687720466,"lake_littoral",44.3316289074053,"UFI",NA,"240802002","Roberts,Coppola",NA,NA,"not_provided",NA,NA,NA,"pennate diatoms",NA,"not_provided",1,NA,"NYSDEC","none",NA,"microscopy_dominant_taxa",NA,"not_applicable",NA,"water","not_provided","240802002-009",NA,"not_provided","not_applicable","not_applicable",NA,"1003FLO0142_DH_20240730T1615","1","not_provided","not_applicable",NA,2024-08-06
2024-08-01 13:15:00,"1104CHA0529_DH","QAPP-LCI-0001_V24-1_Statewide","Lake Probability Sampling 2024-2025",NA,"not_provided","not_applicable",NA,NA,"lab","NYSDEC","24L0380","QAPP-WQM-0078_V24-1_Benthic-HABs","scrape","scrape",-74.0518388975373,"lake_littoral",43.6436942748038,"UFI",NA,"240802002","Roberts,Coppola",NA,NA,"not_provided","Non-detect","U",NA,"dolichospermum",NA,"not_provided",1,NA,"NYSDEC","none",NA,"microscopy_dominant_taxa",NA,"not_applicable",NA,"water","not_provided","240802002-011",NA,"not_provided","not_applicable","not_applicable",NA,"1104CHA0529_DH_20240801T1315","1","not_provided","not_applicable",NA,2024-08-06
2024-08-01 13:15:00,"1104CHA0529_DH","QAPP-LCI-0001_V24-1_Statewide","Lake Probability Sampling 2024-2025",NA,"not_provided","not_applicable",NA,NA,"lab","NYSDEC","24L0380","QAPP-WQM-0078_V24-1_Benthic-HABs","scrape","scrape",-74.0518388975373,"lake_littoral",43.6436942748038,"UFI",NA,"240802002","Roberts,Coppola",NA,NA,"not_provided","Non-detect","U",NA,"asterionella",NA,"not_provided",1,NA,"NYSDEC","none",NA,"microscopy_dominant_taxa",NA,"not_applicable",NA,"water","not_provided","240802002-011",NA,"not_provided","not_applicable","not_applicable",NA,"1104CHA0529_DH_20240801T1315","1","not_provided","not_applicable",NA,2024-08-06
2024-08-01 13:15:00,"1104CHA0529_DH","QAPP-LCI-0001_V24-1_Statewide","Lake Probability Sampling 2024-2025",NA,"not_provided","not_applicable",NA,NA,"lab","NYSDEC","24L0380","QAPP-WQM-0078_V24-1_Benthic-HABs","scrape","scrape",-74.0518388975373,"lake_littoral",43.6436942748038,"UFI",NA,"240802002","Roberts,Coppola",NA,NA,"not_provided","Non-detect","U",NA,"tabellaria",NA,"not_provided",1,NA,"NYSDEC","none",NA,"microscopy_dominant_taxa",NA,"not_applicable",NA,"water","not_provided","240802002-011",NA,"not_provided","not_applicable","not_applicable",NA,"1104CHA0529_DH_20240801T1315","1","not_provided","not_applicable",NA,2024-08-06
2024-08-13 13:00:00,"0703VAN0044_DH","QAPP-LCI-0001_V24-1_Statewide","Lake Probability Sampling 2024-2025",NA,"not_provided","not_applicable",NA,NA,"lab","NYSDEC","24L0449","QAPP-WQM-0078_V24-1_Benthic-HABs","scrape","scrape",-75.9060359695744,"lake_littoral",43.2579042980669,"UFI",NA,"240814011","Thalmann,Mugits",NA,NA,"not_provided","Non-detect","U",NA,"spirogyra",NA,"not_provided",1,NA,"NYSDEC","none",NA,"microscopy_dominant_taxa",NA,"not_applicable",NA,"water","not_provided","240814011-004",NA,"not_provided","not_applicable","not_applicable",NA,"0703VAN0044_DH_20240813T1300","1","not_provided","not_applicable",NA,2024-08-15
2024-08-13 13:00:00,"0703VAN0044_DH","QAPP-LCI-0001_V24-1_Statewide","Lake Probability Sampling 2024-2025",NA,"not_provided","not_applicable",NA,NA,"lab","NYSDEC","24L0449","QAPP-WQM-0078_V24-1_Benthic-HABs","scrape","scrape",-75.9060359695744,"lake_littoral",43.2579042980669,"UFI",NA,"240814011","Thalmann,Mugits",NA,NA,"not_provided","Non-detect","U",NA,"aphanocapsa",NA,"not_provided",1,NA,"NYSDEC","none",NA,"microscopy_dominant_taxa",NA,"not_applicable",NA,"water","not_provided","240814011-004",NA,"not_provided","not_applicable","not_applicable",NA,"0703VAN0044_DH_20240813T1300","1","not_provided","not_applicable",NA,2024-08-15
2024-08-13 13:00:00,"0703VAN0044_DH","QAPP-LCI-0001_V24-1_Statewide","Lake Probability Sampling 2024-2025",NA,"not_provided","not_applicable",NA,NA,"lab","NYSDEC","24L0449","QAPP-WQM-0078_V24-1_Benthic-HABs","scrape","scrape",-75.9060359695744,"lake_littoral",43.2579042980669,"UFI",NA,"240814011","Thalmann,Mugits",NA,NA,"not_provided","Non-detect","U",NA,"volvox",NA,"not_provided",1,NA,"NYSDEC","none",NA,"microscopy_dominant_taxa",NA,"not_applicable",NA,"water","not_provided","240814011-004",NA,"not_provided","not_applicable","not_applicable",NA,"0703VAN0044_DH_20240813T1300","1","not_provided","not_applicable",NA,2024-08-15
2024-08-14 11:30:00,"0301UWB0001_DH","QAPP-LCI-0001_V24-1_Statewide","Lake Probability Sampling 2024-2025",NA,"not_provided","not_applicable",NA,NA,"lab","NYSDEC","24L0451","QAPP-WQM-0078_V24-1_Benthic-HABs","bottle","floating_mat",-77.3078005899951,"lake_littoral",43.1573432603764,"UFI",NA,"240814011","Mugits,Thalmann",NA,NA,"not_provided","Non-detect","U",NA,"oscillatoria",NA,"not_provided",1,NA,"NYSDEC","none",NA,"microscopy_dominant_taxa",NA,"not_applicable",NA,"water","not_provided","240814011-006",NA,"not_provided","not_applicable","not_applicable",NA,"0301UWB0001_DH_20240814T1130","1","not_provided","not_applicable",NA,2024-08-15
2024-08-14 11:30:00,"0301UWB0001_DH","QAPP-LCI-0001_V24-1_Statewide","Lake Probability Sampling 2024-2025",NA,"not_provided","not_applicable",NA,NA,"lab","NYSDEC","24L0451","QAPP-WQM-0078_V24-1_Benthic-HABs","bottle","floating_mat",-77.3078005899951,"lake_littoral",43.1573432603764,"UFI",NA,"240814011","Mugits,Thalmann",NA,NA,"not_provided","Non-detect","U",NA,"phormidium",NA,"not_provided",1,NA,"NYSDEC","none",NA,"microscopy_dominant_taxa",NA,"not_applicable",NA,"water","not_provided","240814011-006",NA,"not_provided","not_applicable","not_applicable",NA,"0301UWB0001_DH_20240814T1130","1","not_provided","not_applicable",NA,2024-08-15
2024-08-14 11:30:00,"0301UWB0001_DH","QAPP-LCI-0001_V24-1_Statewide","Lake Probability Sampling 2024-2025",NA,"not_provided","not_applicable",NA,NA,"lab","NYSDEC","24L0452","QAPP-WQM-0078_V24-1_Benthic-HABs","scrape","scrape",-77.3078005899951,"lake_littoral",43.1573432603764,"UFI",NA,"240814011","Mugits,Thalmann",NA,NA,"not_provided","Non-detect","U",NA,"oscillatoria",NA,"not_provided",1,NA,"NYSDEC","none",NA,"microscopy_dominant_taxa",NA,"not_applicable",NA,"water","not_provided","240814011-007",NA,"not_provided","not_applicable","not_applicable",NA,"0301UWB0001_DH_20240814T1130","1","not_provided","not_applicable",NA,2024-08-15
2024-08-14 11:30:00,"0301UWB0001_DH","QAPP-LCI-0001_V24-1_Statewide","Lake Probability Sampling 2024-2025",NA,"not_provided","not_applicable",NA,NA,"lab","NYSDEC","24L0452","QAPP-WQM-0078_V24-1_Benthic-HABs","scrape","scrape",-77.3078005899951,"lake_littoral",43.1573432603764,"UFI",NA,"240814011","Mugits,Thalmann",NA,NA,"not_provided","Non-detect","U",NA,"pennate diatoms",NA,"not_provided",1,NA,"NYSDEC","none",NA,"microscopy_dominant_taxa",NA,"not_applicable",NA,"water","not_provided","240814011-007",NA,"not_provided","not_applicable","not_applicable",NA,"0301UWB0001_DH_20240814T1130","1","not_provided","not_applicable",NA,2024-08-15
2024-08-14 11:30:00,"0301UWB0001_DH","QAPP-LCI-0001_V24-1_Statewide","Lake Probability Sampling 2024-2025",NA,"not_provided","not_applicable",NA,NA,"lab","NYSDEC","24L0452","QAPP-WQM-0078_V24-1_Benthic-HABs","scrape","scrape",-77.3078005899951,"lake_littoral",43.1573432603764,"UFI",NA,"240814011","Mugits,Thalmann",NA,NA,"not_provided","Non-detect","U",NA,"scenedesmus",NA,"not_provided",1,NA,"NYSDEC","none",NA,"microscopy_dominant_taxa",NA,"not_applicable",NA,"water","not_provided","240814011-007",NA,"not_provided","not_applicable","not_applicable",NA,"0301UWB0001_DH_20240814T1130","1","not_provided","not_applicable",NA,2024-08-15
2024-08-13 13:45:00,"1401UWB0260_DH","QAPP-LCI-0001_V24-1_Statewide","Lake Probability Sampling 2024-2025",NA,"not_provided","not_applicable",NA,NA,"lab","NYSDEC","24L0440","QAPP-WQM-0078_V24-1_Benthic-HABs","scrape","scrape",-75.0491920841242,"lake_littoral",41.7940095933526,"UFI",NA,"240815003","Kraft,Roberts",NA,NA,"not_provided","Estimated concentration biased high","J+",NA,"oscillatoria",NA,"not_provided",1,NA,"NYSDEC","none",NA,"microscopy_dominant_taxa",NA,"not_applicable",NA,"water","not_provided","240815003-004",NA,"not_provided","not_applicable","not_applicable",NA,"1401UWB0260_DH_20240813T1345","1","not_provided","not_applicable",NA,2024-08-16
2024-08-13 13:45:00,"1401UWB0260_DH","QAPP-LCI-0001_V24-1_Statewide","Lake Probability Sampling 2024-2025",NA,"not_provided","not_applicable",NA,NA,"lab","NYSDEC","24L0440","QAPP-WQM-0078_V24-1_Benthic-HABs","scrape","scrape",-75.0491920841242,"lake_littoral",41.7940095933526,"UFI",NA,"240815003","Kraft,Roberts",NA,NA,"not_provided","Estimated concentration biased high","J+",NA,"scenedesmus",NA,"not_provided",1,NA,"NYSDEC","none",NA,"microscopy_dominant_taxa",NA,"not_applicable",NA,"water","not_provided","240815003-004",NA,"not_provided","not_applicable","not_applicable",NA,"1401UWB0260_DH_20240813T1345","1","not_provided","not_applicable",NA,2024-08-16
2024-08-13 13:45:00,"1401UWB0260_DH","QAPP-LCI-0001_V24-1_Statewide","Lake Probability Sampling 2024-2025",NA,"not_provided","not_applicable",NA,NA,"lab","NYSDEC","24L0440","QAPP-WQM-0078_V24-1_Benthic-HABs","scrape","scrape",-75.0491920841242,"lake_littoral",41.7940095933526,"UFI",NA,"240815003","Kraft,Roberts",NA,NA,"not_provided","Estimated concentration biased high","J+",NA,"pediastrum",NA,"not_provided",1,NA,"NYSDEC","none",NA,"microscopy_dominant_taxa",NA,"not_applicable",NA,"water","not_provided","240815003-004",NA,"not_provided","not_applicable","not_applicable",NA,"1401UWB0260_DH_20240813T1345","1","not_provided","not_applicable",NA,2024-08-16
2024-08-14 12:00:00,"0602STJ0026A_DH","QAPP-LCI-0001_V24-1_Statewide","Lake Probability Sampling 2024-2025",NA,"not_provided","not_applicable",NA,NA,"lab","NYSDEC","24L0443","QAPP-WQM-0078_V24-1_Benthic-HABs","scrape","scrape",-75.9416385322411,"lake_littoral",42.2053573117812,"UFI",NA,"240815003","Kraft,Roberts",NA,NA,"not_provided",NA,NA,NA,"oscillatoria",NA,"not_provided",1,NA,"NYSDEC","none",NA,"microscopy_dominant_taxa",NA,"not_applicable",NA,"water","not_provided","240815003-006",NA,"not_provided","not_applicable","not_applicable",NA,"0602STJ0026A_DH_20240814T1200","1","not_provided","not_applicable",NA,2024-08-16
2024-08-14 12:00:00,"0602STJ0026A_DH","QAPP-LCI-0001_V24-1_Statewide","Lake Probability Sampling 2024-2025",NA,"not_provided","not_applicable",NA,NA,"lab","NYSDEC","24L0443","QAPP-WQM-0078_V24-1_Benthic-HABs","scrape","scrape",-75.9416385322411,"lake_littoral",42.2053573117812,"UFI",NA,"240815003","Kraft,Roberts",NA,NA,"not_provided",NA,NA,NA,"pediastrum",NA,"not_provided",1,NA,"NYSDEC","none",NA,"microscopy_dominant_taxa",NA,"not_applicable",NA,"water","not_provided","240815003-006",NA,"not_provided","not_applicable","not_applicable",NA,"0602STJ0026A_DH_20240814T1200","1","not_provided","not_applicable",NA,2024-08-16
2024-08-14 12:00:00,"0602STJ0026A_DH","QAPP-LCI-0001_V24-1_Statewide","Lake Probability Sampling 2024-2025",NA,"not_provided","not_applicable",NA,NA,"lab","NYSDEC","24L0443","QAPP-WQM-0078_V24-1_Benthic-HABs","scrape","scrape",-75.9416385322411,"lake_littoral",42.2053573117812,"UFI",NA,"240815003","Kraft,Roberts",NA,NA,"not_provided",NA,NA,NA,"oedogonium",NA,"not_provided",1,NA,"NYSDEC","none",NA,"microscopy_dominant_taxa",NA,"not_applicable",NA,"water","not_provided","240815003-006",NA,"not_provided","not_applicable","not_applicable",NA,"0602STJ0026A_DH_20240814T1200","1","not_provided","not_applicable",NA,2024-08-16
2024-08-15 11:00:00,"0701UWB5470_DH","QAPP-LCI-0001_V24-1_Statewide","Lake Probability Sampling 2024-2025",NA,"not_provided","not_applicable",NA,NA,"lab","NYSDEC","24L0454","QAPP-WQM-0078_V24-1_Benthic-HABs","bottle","floating_mat",-76.3535722198408,"lake_littoral",43.0639319621138,"UFI",NA,"240815004","Mugits,Thalmann",NA,NA,"not_provided",NA,NA,NA,"microcystis",NA,"not_provided",1,NA,"NYSDEC","none",NA,"microscopy_dominant_taxa",NA,"not_applicable",NA,"water","not_provided","240815004-003",NA,"not_provided","not_applicable","not_applicable",NA,"0701UWB5470_DH_20240815T1100","1","not_provided","not_applicable",NA,2024-08-16
2024-08-15 11:00:00,"0701UWB5470_DH","QAPP-LCI-0001_V24-1_Statewide","Lake Probability Sampling 2024-2025",NA,"not_provided","not_applicable",NA,NA,"lab","NYSDEC","24L0454","QAPP-WQM-0078_V24-1_Benthic-HABs","bottle","floating_mat",-76.3535722198408,"lake_littoral",43.0639319621138,"UFI",NA,"240815004","Mugits,Thalmann",NA,NA,"not_provided",NA,NA,NA,"oscillatoria",NA,"not_provided",1,NA,"NYSDEC","none",NA,"microscopy_dominant_taxa",NA,"not_applicable",NA,"water","not_provided","240815004-003",NA,"not_provided","not_applicable","not_applicable",NA,"0701UWB5470_DH_20240815T1100","1","not_provided","not_applicable",NA,2024-08-16
2024-08-15 11:00:00,"0701UWB5470_DH","QAPP-LCI-0001_V24-1_Statewide","Lake Probability Sampling 2024-2025",NA,"not_provided","not_applicable",NA,NA,"lab","NYSDEC","24L0454","QAPP-WQM-0078_V24-1_Benthic-HABs","bottle","floating_mat",-76.3535722198408,"lake_littoral",43.0639319621138,"UFI",NA,"240815004","Mugits,Thalmann",NA,NA,"not_provided",NA,NA,NA,"fragilaria",NA,"not_provided",1,NA,"NYSDEC","none",NA,"microscopy_dominant_taxa",NA,"not_applicable",NA,"water","not_provided","240815004-003",NA,"not_provided","not_applicable","not_applicable",NA,"0701UWB5470_DH_20240815T1100","1","not_provided","not_applicable",NA,2024-08-16
2024-08-15 11:00:00,"0701UWB5470_DH","QAPP-LCI-0001_V24-1_Statewide","Lake Probability Sampling 2024-2025",NA,"not_provided","not_applicable",NA,NA,"lab","NYSDEC","24L0455","QAPP-WQM-0078_V24-1_Benthic-HABs","scrape","scrape",-76.3535722198408,"lake_littoral",43.0639319621138,"UFI",NA,"240815004","Mugits,Thalmann",NA,NA,"not_provided","Estimated concentration biased high","J+",NA,"oscillatoria",NA,"not_provided",1,NA,"NYSDEC","none",NA,"microscopy_dominant_taxa",NA,"not_applicable",NA,"water","not_provided","240815004-004",NA,"not_provided","not_applicable","not_applicable",NA,"0701UWB5470_DH_20240815T1100","1","not_provided","not_applicable",NA,2024-08-16
2024-08-15 11:00:00,"0701UWB5470_DH","QAPP-LCI-0001_V24-1_Statewide","Lake Probability Sampling 2024-2025",NA,"not_provided","not_applicable",NA,NA,"lab","NYSDEC","24L0455","QAPP-WQM-0078_V24-1_Benthic-HABs","scrape","scrape",-76.3535722198408,"lake_littoral",43.0639319621138,"UFI",NA,"240815004","Mugits,Thalmann",NA,NA,"not_provided","Estimated concentration biased high","J+",NA,"staurastrum",NA,"not_provided",1,NA,"NYSDEC","none",NA,"microscopy_dominant_taxa",NA,"not_applicable",NA,"water","not_provided","240815004-004",NA,"not_provided","not_applicable","not_applicable",NA,"0701UWB5470_DH_20240815T1100","1","not_provided","not_applicable",NA,2024-08-16
2024-08-15 11:00:00,"0701UWB5470_DH","QAPP-LCI-0001_V24-1_Statewide","Lake Probability Sampling 2024-2025",NA,"not_provided","not_applicable",NA,NA,"lab","NYSDEC","24L0455","QAPP-WQM-0078_V24-1_Benthic-HABs","scrape","scrape",-76.3535722198408,"lake_littoral",43.0639319621138,"UFI",NA,"240815004","Mugits,Thalmann",NA,NA,"not_provided","Estimated concentration biased high","J+",NA,"coelosphaerium",NA,"not_provided",1,NA,"NYSDEC","none",NA,"microscopy_dominant_taxa",NA,"not_applicable",NA,"water","not_provided","240815004-004",NA,"not_provided","not_applicable","not_applicable",NA,"0701UWB5470_DH_20240815T1100","1","not_provided","not_applicable",NA,2024-08-16
2024-08-15 12:45:00,"0601ALL0405_DH","QAPP-LCI-0001_V24-1_Statewide","Lake Probability Sampling 2024-2025",NA,"not_provided","not_applicable",NA,NA,"lab","NYSDEC","24L0446","QAPP-WQM-0078_V24-1_Benthic-HABs","scrape","scrape",-74.9498231235919,"lake_littoral",42.8299790289689,"UFI",NA,"240816002","Kraft,Roberts",NA,NA,"not_provided","Non-detect","U",NA,"oscillatoria",NA,"not_provided",1,NA,"NYSDEC","none",NA,"microscopy_dominant_taxa",NA,"not_applicable",NA,"water","not_provided","240816002-002",NA,"not_provided","not_applicable","not_applicable",NA,"0601ALL0405_DH_20240815T1245","1","not_provided","not_applicable",NA,2024-08-19
2024-08-15 12:45:00,"0601ALL0405_DH","QAPP-LCI-0001_V24-1_Statewide","Lake Probability Sampling 2024-2025",NA,"not_provided","not_applicable",NA,NA,"lab","NYSDEC","24L0446","QAPP-WQM-0078_V24-1_Benthic-HABs","scrape","scrape",-74.9498231235919,"lake_littoral",42.8299790289689,"UFI",NA,"240816002","Kraft,Roberts",NA,NA,"not_provided","Non-detect","U",NA,"pennate diatoms",NA,"not_provided",1,NA,"NYSDEC","none",NA,"microscopy_dominant_taxa",NA,"not_applicable",NA,"water","not_provided","240816002-002",NA,"not_provided","not_applicable","not_applicable",NA,"0601ALL0405_DH_20240815T1245","1","not_provided","not_applicable",NA,2024-08-19
2024-08-15 12:45:00,"0601ALL0405_DH","QAPP-LCI-0001_V24-1_Statewide","Lake Probability Sampling 2024-2025",NA,"not_provided","not_applicable",NA,NA,"lab","NYSDEC","24L0446","QAPP-WQM-0078_V24-1_Benthic-HABs","scrape","scrape",-74.9498231235919,"lake_littoral",42.8299790289689,"UFI",NA,"240816002","Kraft,Roberts",NA,NA,"not_provided","Non-detect","U",NA,"fragilaria",NA,"not_provided",1,NA,"NYSDEC","none",NA,"microscopy_dominant_taxa",NA,"not_applicable",NA,"water","not_provided","240816002-002",NA,"not_provided","not_applicable","not_applicable",NA,"0601ALL0405_DH_20240815T1245","1","not_provided","not_applicable",NA,2024-08-19
2024-08-20 13:30:00,"0903MUD0246_DH","QAPP-LCI-0001_V24-1_Statewide","Lake Probability Sampling 2024-2025",NA,"not_provided","not_applicable",NA,NA,"lab","NYSDEC","24L0465","QAPP-WQM-0078_V24-1_Benthic-HABs","scrape","scrape",-74.4464967460105,"lake_littoral",43.8979726663617,"UFI",NA,"240822002","Kraft,Thalmann",NA,NA,"not_provided","Non-detect","U",NA,"dolichospermum",NA,"not_provided",1,NA,"NYSDEC","none",NA,"microscopy_dominant_taxa",NA,"not_applicable",NA,"water","not_provided","240822002-003",NA,"not_provided","not_applicable","not_applicable",NA,"0903MUD0246_DH_20240820T1330","1","not_provided","not_applicable",NA,2024-08-22
2024-08-20 13:30:00,"0903MUD0246_DH","QAPP-LCI-0001_V24-1_Statewide","Lake Probability Sampling 2024-2025",NA,"not_provided","not_applicable",NA,NA,"lab","NYSDEC","24L0465","QAPP-WQM-0078_V24-1_Benthic-HABs","scrape","scrape",-74.4464967460105,"lake_littoral",43.8979726663617,"UFI",NA,"240822002","Kraft,Thalmann",NA,NA,"not_provided","Non-detect","U",NA,"spirogyra",NA,"not_provided",1,NA,"NYSDEC","none",NA,"microscopy_dominant_taxa",NA,"not_applicable",NA,"water","not_provided","240822002-003",NA,"not_provided","not_applicable","not_applicable",NA,"0903MUD0246_DH_20240820T1330","1","not_provided","not_applicable",NA,2024-08-22
2024-08-20 13:30:00,"0903MUD0246_DH","QAPP-LCI-0001_V24-1_Statewide","Lake Probability Sampling 2024-2025",NA,"not_provided","not_applicable",NA,NA,"lab","NYSDEC","24L0465","QAPP-WQM-0078_V24-1_Benthic-HABs","scrape","scrape",-74.4464967460105,"lake_littoral",43.8979726663617,"UFI",NA,"240822002","Kraft,Thalmann",NA,NA,"not_provided","Non-detect","U",NA,"staurastrum",NA,"not_provided",1,NA,"NYSDEC","none",NA,"microscopy_dominant_taxa",NA,"not_applicable",NA,"water","not_provided","240822002-003",NA,"not_provided","not_applicable","not_applicable",NA,"0903MUD0246_DH_20240820T1330","1","not_provided","not_applicable",NA,2024-08-22
2024-08-21 15:30:00,"0903RAQ0293_DH","QAPP-LCI-0001_V24-1_Statewide","Lake Probability Sampling 2024-2025",NA,"not_provided","not_applicable",NA,NA,"lab","NYSDEC","24L0468","QAPP-WQM-0078_V24-1_Benthic-HABs","scrape","scrape",-74.6522296619848,"lake_littoral",43.8525911165843,"UFI",NA,"240823001","Kraft,Thalmann",NA,NA,"not_provided","Estimated concentration biased high","J+",NA,"tabellaria",NA,"not_provided",1,NA,"NYSDEC","none",NA,"microscopy_dominant_taxa",NA,"not_applicable",NA,"water","not_provided","240823001-004",NA,"not_provided","not_applicable","not_applicable",NA,"0903RAQ0293_DH_20240821T1530","1","not_provided","not_applicable",NA,2024-08-28
2024-08-21 15:30:00,"0903RAQ0293_DH","QAPP-LCI-0001_V24-1_Statewide","Lake Probability Sampling 2024-2025",NA,"not_provided","not_applicable",NA,NA,"lab","NYSDEC","24L0468","QAPP-WQM-0078_V24-1_Benthic-HABs","scrape","scrape",-74.6522296619848,"lake_littoral",43.8525911165843,"UFI",NA,"240823001","Kraft,Thalmann",NA,NA,"not_provided","Estimated concentration biased high","J+",NA,"oscillatoria",NA,"not_provided",1,NA,"NYSDEC","none",NA,"microscopy_dominant_taxa",NA,"not_applicable",NA,"water","not_provided","240823001-004",NA,"not_provided","not_applicable","not_applicable",NA,"0903RAQ0293_DH_20240821T1530","1","not_provided","not_applicable",NA,2024-08-28
2024-08-21 15:30:00,"0903RAQ0293_DH","QAPP-LCI-0001_V24-1_Statewide","Lake Probability Sampling 2024-2025",NA,"not_provided","not_applicable",NA,NA,"lab","NYSDEC","24L0468","QAPP-WQM-0078_V24-1_Benthic-HABs","scrape","scrape",-74.6522296619848,"lake_littoral",43.8525911165843,"UFI",NA,"240823001","Kraft,Thalmann",NA,NA,"not_provided","Estimated concentration biased high","J+",NA,"pennate diatoms",NA,"not_provided",1,NA,"NYSDEC","none",NA,"microscopy_dominant_taxa",NA,"not_applicable",NA,"water","not_provided","240823001-004",NA,"not_provided","not_applicable","not_applicable",NA,"0903RAQ0293_DH_20240821T1530","1","not_provided","not_applicable",NA,2024-08-28
2024-08-22 13:15:00,"1104THI0626A_DH","QAPP-LCI-0001_V24-1_Statewide","Lake Probability Sampling 2024-2025",NA,"not_provided","not_applicable",NA,NA,"lab","NYSDEC","24L0471","QAPP-WQM-0078_V24-1_Benthic-HABs","scrape","scrape",-74.2520751958557,"lake_littoral",43.8758646447329,"UFI",NA,"240823001","Thalmann,Kraft",NA,NA,"not_provided","Non-detect","U",NA,"spirogyra",NA,"not_provided",1,NA,"NYSDEC","none",NA,"microscopy_dominant_taxa",NA,"not_applicable",NA,"water","not_provided","240823001-006",NA,"not_provided","not_applicable","not_applicable",NA,"1104THI0626A_DH_20240822T1315","1","not_provided","not_applicable",NA,2024-08-28
2024-08-22 13:15:00,"1104THI0626A_DH","QAPP-LCI-0001_V24-1_Statewide","Lake Probability Sampling 2024-2025",NA,"not_provided","not_applicable",NA,NA,"lab","NYSDEC","24L0471","QAPP-WQM-0078_V24-1_Benthic-HABs","scrape","scrape",-74.2520751958557,"lake_littoral",43.8758646447329,"UFI",NA,"240823001","Thalmann,Kraft",NA,NA,"not_provided","Non-detect","U",NA,"dolichospermum",NA,"not_provided",1,NA,"NYSDEC","none",NA,"microscopy_dominant_taxa",NA,"not_applicable",NA,"water","not_provided","240823001-006",NA,"not_provided","not_applicable","not_applicable",NA,"1104THI0626A_DH_20240822T1315","1","not_provided","not_applicable",NA,2024-08-28
2024-08-22 13:15:00,"1104THI0626A_DH","QAPP-LCI-0001_V24-1_Statewide","Lake Probability Sampling 2024-2025",NA,"not_provided","not_applicable",NA,NA,"lab","NYSDEC","24L0471","QAPP-WQM-0078_V24-1_Benthic-HABs","scrape","scrape",-74.2520751958557,"lake_littoral",43.8758646447329,"UFI",NA,"240823001","Thalmann,Kraft",NA,NA,"not_provided","Non-detect","U",NA,"oscillatoria",NA,"not_provided",1,NA,"NYSDEC","none",NA,"microscopy_dominant_taxa",NA,"not_applicable",NA,"water","not_provided","240823001-006",NA,"not_provided","not_applicable","not_applicable",NA,"1104THI0626A_DH_20240822T1315","1","not_provided","not_applicable",NA,2024-08-28
2024-08-27 12:30:00,"0801MIN0001_DH","QAPP-LCI-0001_V24-1_Statewide","Lake Probability Sampling 2024-2025",NA,"not_provided","not_applicable",NA,NA,"lab","NYSDEC","24L0507","QAPP-WQM-0078_V24-1_Benthic-HABs","bottle","floating_mat",-75.0196410757354,"lake_littoral",43.4782472442722,"UFI",NA,"24829004","Coppola,Thalmann",NA,NA,"not_provided","Non-detect","U",NA,"tabellaria",NA,"not_provided",1,NA,"NYSDEC","none",NA,"microscopy_dominant_taxa",NA,"not_applicable",NA,"water","not_provided","24829004-005",NA,"not_provided","not_applicable","not_applicable",NA,"0801MIN0001_DH_20240827T1230","1","not_provided","not_applicable",NA,2024-09-06
2024-08-27 12:30:00,"0801MIN0001_DH","QAPP-LCI-0001_V24-1_Statewide","Lake Probability Sampling 2024-2025",NA,"not_provided","not_applicable",NA,NA,"lab","NYSDEC","24L0507","QAPP-WQM-0078_V24-1_Benthic-HABs","bottle","floating_mat",-75.0196410757354,"lake_littoral",43.4782472442722,"UFI",NA,"24829004","Coppola,Thalmann",NA,NA,"not_provided","Non-detect","U",NA,"oscillatoria",NA,"not_provided",1,NA,"NYSDEC","none",NA,"microscopy_dominant_taxa",NA,"not_applicable",NA,"water","not_provided","24829004-005",NA,"not_provided","not_applicable","not_applicable",NA,"0801MIN0001_DH_20240827T1230","1","not_provided","not_applicable",NA,2024-09-06
2024-08-27 12:30:00,"0801MIN0001_DH","QAPP-LCI-0001_V24-1_Statewide","Lake Probability Sampling 2024-2025",NA,"not_provided","not_applicable",NA,NA,"lab","NYSDEC","24L0507","QAPP-WQM-0078_V24-1_Benthic-HABs","bottle","floating_mat",-75.0196410757354,"lake_littoral",43.4782472442722,"UFI",NA,"24829004","Coppola,Thalmann",NA,NA,"not_provided","Non-detect","U",NA,"pennate diatoms",NA,"not_provided",1,NA,"NYSDEC","none",NA,"microscopy_dominant_taxa",NA,"not_applicable",NA,"water","not_provided","24829004-005",NA,"not_provided","not_applicable","not_applicable",NA,"0801MIN0001_DH_20240827T1230","1","not_provided","not_applicable",NA,2024-09-06
2024-08-27 12:30:00,"0801MIN0001_DH","QAPP-LCI-0001_V24-1_Statewide","Lake Probability Sampling 2024-2025",NA,"not_provided","not_applicable",NA,NA,"lab","NYSDEC","24L0508","QAPP-WQM-0078_V24-1_Benthic-HABs","scrape","scrape",-75.0196410757354,"lake_littoral",43.4782472442722,"UFI",NA,"24829004","Coppola,Thalmann",NA,NA,"not_provided","Non-detect","U",NA,"tabellaria",NA,"not_provided",1,NA,"NYSDEC","none",NA,"microscopy_dominant_taxa",NA,"not_applicable",NA,"water","not_provided","24829004-006",NA,"not_provided","not_applicable","not_applicable",NA,"0801MIN0001_DH_20240827T1230","1","not_provided","not_applicable",NA,2024-09-06
2024-08-27 12:30:00,"0801MIN0001_DH","QAPP-LCI-0001_V24-1_Statewide","Lake Probability Sampling 2024-2025",NA,"not_provided","not_applicable",NA,NA,"lab","NYSDEC","24L0508","QAPP-WQM-0078_V24-1_Benthic-HABs","scrape","scrape",-75.0196410757354,"lake_littoral",43.4782472442722,"UFI",NA,"24829004","Coppola,Thalmann",NA,NA,"not_provided","Non-detect","U",NA,"asterionella",NA,"not_provided",1,NA,"NYSDEC","none",NA,"microscopy_dominant_taxa",NA,"not_applicable",NA,"water","not_provided","24829004-006",NA,"not_provided","not_applicable","not_applicable",NA,"0801MIN0001_DH_20240827T1230","1","not_provided","not_applicable",NA,2024-09-06
2024-08-27 12:30:00,"0801MIN0001_DH","QAPP-LCI-0001_V24-1_Statewide","Lake Probability Sampling 2024-2025",NA,"not_provided","not_applicable",NA,NA,"lab","NYSDEC","24L0508","QAPP-WQM-0078_V24-1_Benthic-HABs","scrape","scrape",-75.0196410757354,"lake_littoral",43.4782472442722,"UFI",NA,"24829004","Coppola,Thalmann",NA,NA,"not_provided","Non-detect","U",NA,"pennate diatoms",NA,"not_provided",1,NA,"NYSDEC","none",NA,"microscopy_dominant_taxa",NA,"not_applicable",NA,"water","not_provided","24829004-006",NA,"not_provided","not_applicable","not_applicable",NA,"0801MIN0001_DH_20240827T1230","1","not_provided","not_applicable",NA,2024-09-06
2024-08-27 12:00:00,"1005HAD0432_DH","QAPP-LCI-0001_V24-1_Statewide","Lake Probability Sampling 2024-2025",NA,"not_provided","not_applicable",NA,NA,"lab","NYSDEC","24L0496","QAPP-WQM-0078_V24-1_Benthic-HABs","scrape","scrape",-73.5697148046395,"lake_littoral",43.42413590716,"UFI",NA,"24829004","Kraft,Roberts",NA,NA,"not_provided","Estimated concentration biased high","J+",NA,"dolichospermum",NA,"not_provided",1,NA,"NYSDEC","none",NA,"microscopy_dominant_taxa",NA,"not_applicable",NA,"water","not_provided","24829004-008",NA,"not_provided","not_applicable","not_applicable",NA,"1005HAD0432_DH_20240827T1200","1","not_provided","not_applicable",NA,2024-09-06
2024-08-27 12:00:00,"1005HAD0432_DH","QAPP-LCI-0001_V24-1_Statewide","Lake Probability Sampling 2024-2025",NA,"not_provided","not_applicable",NA,NA,"lab","NYSDEC","24L0496","QAPP-WQM-0078_V24-1_Benthic-HABs","scrape","scrape",-73.5697148046395,"lake_littoral",43.42413590716,"UFI",NA,"24829004","Kraft,Roberts",NA,NA,"not_provided","Estimated concentration biased high","J+",NA,"fragilaria",NA,"not_provided",1,NA,"NYSDEC","none",NA,"microscopy_dominant_taxa",NA,"not_applicable",NA,"water","not_provided","24829004-008",NA,"not_provided","not_applicable","not_applicable",NA,"1005HAD0432_DH_20240827T1200","1","not_provided","not_applicable",NA,2024-09-06
2024-08-27 12:00:00,"1005HAD0432_DH","QAPP-LCI-0001_V24-1_Statewide","Lake Probability Sampling 2024-2025",NA,"not_provided","not_applicable",NA,NA,"lab","NYSDEC","24L0496","QAPP-WQM-0078_V24-1_Benthic-HABs","scrape","scrape",-73.5697148046395,"lake_littoral",43.42413590716,"UFI",NA,"24829004","Kraft,Roberts",NA,NA,"not_provided","Estimated concentration biased high","J+",NA,"tabellaria",NA,"not_provided",1,NA,"NYSDEC","none",NA,"microscopy_dominant_taxa",NA,"not_applicable",NA,"water","not_provided","24829004-008",NA,"not_provided","not_applicable","not_applicable",NA,"1005HAD0432_DH_20240827T1200","1","not_provided","not_applicable",NA,2024-09-06
2024-08-28 12:00:00,"0801LIL0541_DH","QAPP-LCI-0001_V24-1_Statewide","Lake Probability Sampling 2024-2025",NA,"not_provided","not_applicable",NA,NA,"lab","NYSDEC","24L0502","QAPP-WQM-0078_V24-1_Benthic-HABs","scrape","scrape",-74.7644521797171,"lake_littoral",44.0043484804998,"UFI",NA,"24083003","Coppola,Thalmann",NA,NA,"not_provided","Non-detect","U",NA,"tabellaria",NA,"not_provided",1,NA,"NYSDEC","none",NA,"microscopy_dominant_taxa",NA,"not_applicable",NA,"water","not_provided","24083003-004",NA,"not_provided","not_applicable","not_applicable",NA,"0801LIL0541_DH_20240828T1200","1","not_provided","not_applicable",NA,2024-09-06
2024-08-28 12:00:00,"0801LIL0541_DH","QAPP-LCI-0001_V24-1_Statewide","Lake Probability Sampling 2024-2025",NA,"not_provided","not_applicable",NA,NA,"lab","NYSDEC","24L0502","QAPP-WQM-0078_V24-1_Benthic-HABs","scrape","scrape",-74.7644521797171,"lake_littoral",44.0043484804998,"UFI",NA,"24083003","Coppola,Thalmann",NA,NA,"not_provided","Non-detect","U",NA,"asterionella",NA,"not_provided",1,NA,"NYSDEC","none",NA,"microscopy_dominant_taxa",NA,"not_applicable",NA,"water","not_provided","24083003-004",NA,"not_provided","not_applicable","not_applicable",NA,"0801LIL0541_DH_20240828T1200","1","not_provided","not_applicable",NA,2024-09-06
2024-08-28 12:00:00,"0801LIL0541_DH","QAPP-LCI-0001_V24-1_Statewide","Lake Probability Sampling 2024-2025",NA,"not_provided","not_applicable",NA,NA,"lab","NYSDEC","24L0502","QAPP-WQM-0078_V24-1_Benthic-HABs","scrape","scrape",-74.7644521797171,"lake_littoral",44.0043484804998,"UFI",NA,"24083003","Coppola,Thalmann",NA,NA,"not_provided","Non-detect","U",NA,"pennate diatoms",NA,"not_provided",1,NA,"NYSDEC","none",NA,"microscopy_dominant_taxa",NA,"not_applicable",NA,"water","not_provided","24083003-004",NA,"not_provided","not_applicable","not_applicable",NA,"0801LIL0541_DH_20240828T1200","1","not_provided","not_applicable",NA,2024-09-06
2024-08-28 12:00:00,"0801LIL0541_DH","QAPP-LCI-0001_V24-1_Statewide","Lake Probability Sampling 2024-2025",NA,"not_provided","not_applicable",NA,NA,"lab","NYSDEC","24L0489","SOP-AMB-203_V23-1_Lake-Sampling","van_dorn","van_dorn",-74.7644521797171,"open_water",44.0043484804998,"UFI",1.5,"24083003","Coppola,Thalmann",NA,NA,"not_provided","Data not flagged (quality control not applicable or historic data)
","0",NA,"asterionella",NA,"not_provided",1,NA,"NYSDEC","none",NA,"microscopy_dominant_taxa",NA,"not_applicable",NA,"water","not_provided","24083003-005",NA,"not_provided","not_applicable","not_applicable",NA,"0801LIL0541_DH_20240828T1200","1","not_provided","not_applicable",NA,2024-09-06
2024-08-28 12:00:00,"0801LIL0541_DH","QAPP-LCI-0001_V24-1_Statewide","Lake Probability Sampling 2024-2025",NA,"not_provided","not_applicable",NA,NA,"lab","NYSDEC","24L0489","SOP-AMB-203_V23-1_Lake-Sampling","van_dorn","van_dorn",-74.7644521797171,"open_water",44.0043484804998,"UFI",1.5,"24083003","Coppola,Thalmann",NA,NA,"not_provided","Data not flagged (quality control not applicable or historic data)
","0",NA,"coccoid greens",NA,"not_provided",1,NA,"NYSDEC","none",NA,"microscopy_dominant_taxa",NA,"not_applicable",NA,"water","not_provided","24083003-005",NA,"not_provided","not_applicable","not_applicable",NA,"0801LIL0541_DH_20240828T1200","1","not_provided","not_applicable",NA,2024-09-06
2024-09-03 11:00:00,"1202UWB0579_DH","QAPP-LCI-0001_V24-1_Statewide","Lake Probability Sampling 2024-2025",NA,"not_provided","not_applicable",NA,NA,"lab","NYSDEC","24L0540","QAPP-WQM-0078_V24-1_Benthic-HABs","scrape","scrape",-74.3600396811293,"lake_littoral",42.7113931274735,"UFI",NA,"240905001","Roberts,Thalmann",NA,NA,"not_provided","Non-detect","U",NA,"fragilaria",NA,"not_provided",1,NA,"NYSDEC","none",NA,"microscopy_dominant_taxa",NA,"not_applicable",NA,"water","not_provided","240905001-002",NA,"not_provided","not_applicable","not_applicable",NA,"1202UWB0579_DH_20240903T1100","1","not_provided","not_applicable",NA,2024-09-16
2024-09-03 11:00:00,"1202UWB0579_DH","QAPP-LCI-0001_V24-1_Statewide","Lake Probability Sampling 2024-2025",NA,"not_provided","not_applicable",NA,NA,"lab","NYSDEC","24L0540","QAPP-WQM-0078_V24-1_Benthic-HABs","scrape","scrape",-74.3600396811293,"lake_littoral",42.7113931274735,"UFI",NA,"240905001","Roberts,Thalmann",NA,NA,"not_provided","Non-detect","U",NA,"asterionella",NA,"not_provided",1,NA,"NYSDEC","none",NA,"microscopy_dominant_taxa",NA,"not_applicable",NA,"water","not_provided","240905001-002",NA,"not_provided","not_applicable","not_applicable",NA,"1202UWB0579_DH_20240903T1100","1","not_provided","not_applicable",NA,2024-09-16
2024-09-03 11:00:00,"1202UWB0579_DH","QAPP-LCI-0001_V24-1_Statewide","Lake Probability Sampling 2024-2025",NA,"not_provided","not_applicable",NA,NA,"lab","NYSDEC","24L0540","QAPP-WQM-0078_V24-1_Benthic-HABs","scrape","scrape",-74.3600396811293,"lake_littoral",42.7113931274735,"UFI",NA,"240905001","Roberts,Thalmann",NA,NA,"not_provided","Non-detect","U",NA,"pediastrum",NA,"not_provided",1,NA,"NYSDEC","none",NA,"microscopy_dominant_taxa",NA,"not_applicable",NA,"water","not_provided","240905001-002",NA,"not_provided","not_applicable","not_applicable",NA,"1202UWB0579_DH_20240903T1100","1","not_provided","not_applicable",NA,2024-09-16
2024-09-04 11:00:00,"1101LON0030_DH","QAPP-LCI-0001_V24-1_Statewide","Lake Probability Sampling 2024-2025",NA,"not_provided","not_applicable",NA,NA,"lab","NYSDEC","24L0543","QAPP-WQM-0078_V24-1_Benthic-HABs","scrape","scrape",-73.7399732108201,"lake_littoral",43.0545988000621,"UFI",NA,"240905001","Thalmann,Roberts",NA,NA,"not_provided",NA,NA,NA,"oscillatoria",NA,"not_provided",1,NA,"NYSDEC","none",NA,"microscopy_dominant_taxa",NA,"not_applicable",NA,"water","not_provided","240905001-006",NA,"not_provided","not_applicable","not_applicable",NA,"1101LON0030_DH_20240904T1100","1","not_provided","not_applicable",NA,2024-09-16
2024-09-04 11:00:00,"1101LON0030_DH","QAPP-LCI-0001_V24-1_Statewide","Lake Probability Sampling 2024-2025",NA,"not_provided","not_applicable",NA,NA,"lab","NYSDEC","24L0543","QAPP-WQM-0078_V24-1_Benthic-HABs","scrape","scrape",-73.7399732108201,"lake_littoral",43.0545988000621,"UFI",NA,"240905001","Thalmann,Roberts",NA,NA,"not_provided",NA,NA,NA,"dolichospermum",NA,"not_provided",1,NA,"NYSDEC","none",NA,"microscopy_dominant_taxa",NA,"not_applicable",NA,"water","not_provided","240905001-006",NA,"not_provided","not_applicable","not_applicable",NA,"1101LON0030_DH_20240904T1100","1","not_provided","not_applicable",NA,2024-09-16
2024-09-04 11:00:00,"1101LON0030_DH","QAPP-LCI-0001_V24-1_Statewide","Lake Probability Sampling 2024-2025",NA,"not_provided","not_applicable",NA,NA,"lab","NYSDEC","24L0543","QAPP-WQM-0078_V24-1_Benthic-HABs","scrape","scrape",-73.7399732108201,"lake_littoral",43.0545988000621,"UFI",NA,"240905001","Thalmann,Roberts",NA,NA,"not_provided",NA,NA,NA,"fragilaria",NA,"not_provided",1,NA,"NYSDEC","none",NA,"microscopy_dominant_taxa",NA,"not_applicable",NA,"water","not_provided","240905001-006",NA,"not_provided","not_applicable","not_applicable",NA,"1101LON0030_DH_20240904T1100","1","not_provided","not_applicable",NA,2024-09-16
2024-09-10 13:30:00,"0801SNA0579_DH","QAPP-LCI-0001_V24-1_Statewide","Lake Probability Sampling 2024-2025",NA,"not_provided","not_applicable",NA,NA,"lab","NYSDEC","24L0522","QAPP-WQM-0078_V24-1_Benthic-HABs","scrape","scrape",-74.9157748235423,"lake_littoral",43.836069482753,"UFI",NA,"240912005","Kraft,Roberts",NA,NA,"not_provided","Non-detect","U",NA,"tabellaria",NA,"not_provided",1,NA,"NYSDEC","none",NA,"microscopy_dominant_taxa",NA,"not_applicable",NA,"water","not_provided","240912005-002",NA,"not_provided","not_applicable","not_applicable",NA,"0801SNA0579_DH_20240910T1330","1","not_provided","not_applicable",NA,2024-09-20
2024-09-10 13:30:00,"0801SNA0579_DH","QAPP-LCI-0001_V24-1_Statewide","Lake Probability Sampling 2024-2025",NA,"not_provided","not_applicable",NA,NA,"lab","NYSDEC","24L0522","QAPP-WQM-0078_V24-1_Benthic-HABs","scrape","scrape",-74.9157748235423,"lake_littoral",43.836069482753,"UFI",NA,"240912005","Kraft,Roberts",NA,NA,"not_provided","Non-detect","U",NA,"filamentous greens",NA,"not_provided",1,NA,"NYSDEC","none",NA,"microscopy_dominant_taxa",NA,"not_applicable",NA,"water","not_provided","240912005-002",NA,"not_provided","not_applicable","not_applicable",NA,"0801SNA0579_DH_20240910T1330","1","not_provided","not_applicable",NA,2024-09-20
2024-09-10 13:30:00,"0801SNA0579_DH","QAPP-LCI-0001_V24-1_Statewide","Lake Probability Sampling 2024-2025",NA,"not_provided","not_applicable",NA,NA,"lab","NYSDEC","24L0522","QAPP-WQM-0078_V24-1_Benthic-HABs","scrape","scrape",-74.9157748235423,"lake_littoral",43.836069482753,"UFI",NA,"240912005","Kraft,Roberts",NA,NA,"not_provided","Non-detect","U",NA,"pennate diatoms",NA,"not_provided",1,NA,"NYSDEC","none",NA,"microscopy_dominant_taxa",NA,"not_applicable",NA,"water","not_provided","240912005-002",NA,"not_provided","not_applicable","not_applicable",NA,"0801SNA0579_DH_20240910T1330","1","not_provided","not_applicable",NA,2024-09-20
2024-09-11 13:30:00,"0801BEA0449_DH","QAPP-LCI-0001_V24-1_Statewide","Lake Probability Sampling 2024-2025",NA,"not_provided","not_applicable",NA,NA,"lab","NYSDEC","24L0528","QAPP-WQM-0078_V24-1_Benthic-HABs","scrape","scrape",-75.161114488635,"lake_littoral",43.875091829817,"UFI",NA,"240913002","Roberts,Kraft",NA,NA,"not_provided","Non-detect","U",NA,"staurastrum",NA,"not_provided",1,NA,"NYSDEC","none",NA,"microscopy_dominant_taxa",NA,"not_applicable",NA,"water","not_provided","240913002-006",NA,"not_provided","not_applicable","not_applicable",NA,"0801BEA0449_DH_20240911T1330","1","not_provided","not_applicable",NA,2024-09-25
2024-09-11 13:30:00,"0801BEA0449_DH","QAPP-LCI-0001_V24-1_Statewide","Lake Probability Sampling 2024-2025",NA,"not_provided","not_applicable",NA,NA,"lab","NYSDEC","24L0528","QAPP-WQM-0078_V24-1_Benthic-HABs","scrape","scrape",-75.161114488635,"lake_littoral",43.875091829817,"UFI",NA,"240913002","Roberts,Kraft",NA,NA,"not_provided","Non-detect","U",NA,"spirogyra",NA,"not_provided",1,NA,"NYSDEC","none",NA,"microscopy_dominant_taxa",NA,"not_applicable",NA,"water","not_provided","240913002-006",NA,"not_provided","not_applicable","not_applicable",NA,"0801BEA0449_DH_20240911T1330","1","not_provided","not_applicable",NA,2024-09-25
2024-09-11 13:30:00,"0801BEA0449_DH","QAPP-LCI-0001_V24-1_Statewide","Lake Probability Sampling 2024-2025",NA,"not_provided","not_applicable",NA,NA,"lab","NYSDEC","24L0528","QAPP-WQM-0078_V24-1_Benthic-HABs","scrape","scrape",-75.161114488635,"lake_littoral",43.875091829817,"UFI",NA,"240913002","Roberts,Kraft",NA,NA,"not_provided","Non-detect","U",NA,"tabellaria",NA,"not_provided",1,NA,"NYSDEC","none",NA,"microscopy_dominant_taxa",NA,"not_applicable",NA,"water","not_provided","240913002-006",NA,"not_provided","not_applicable","not_applicable",NA,"0801BEA0449_DH_20240911T1330","1","not_provided","not_applicable",NA,2024-09-25
2024-09-12 12:00:00,"0801SAN0436_DH","QAPP-LCI-0001_V24-1_Statewide","Lake Probability Sampling 2024-2025",NA,"not_provided","not_applicable",NA,NA,"lab","NYSDEC","24L0531","QAPP-WQM-0078_V24-1_Benthic-HABs","scrape","scrape",-75.1592946591433,"lake_littoral",43.9493042827046,"UFI",NA,"240913002","Roberts,Kraft",NA,NA,"not_provided","Non-detect","U",NA,"filamentous greens",NA,"not_provided",1,NA,"NYSDEC","none",NA,"microscopy_dominant_taxa",NA,"not_applicable",NA,"water","not_provided","240913002-008",NA,"not_provided","not_applicable","not_applicable",NA,"0801SAN0436_DH_20240912T1200","1","not_provided","not_applicable",NA,2024-09-25
2024-09-12 12:00:00,"0801SAN0436_DH","QAPP-LCI-0001_V24-1_Statewide","Lake Probability Sampling 2024-2025",NA,"not_provided","not_applicable",NA,NA,"lab","NYSDEC","24L0531","QAPP-WQM-0078_V24-1_Benthic-HABs","scrape","scrape",-75.1592946591433,"lake_littoral",43.9493042827046,"UFI",NA,"240913002","Roberts,Kraft",NA,NA,"not_provided","Non-detect","U",NA,"tabellaria",NA,"not_provided",1,NA,"NYSDEC","none",NA,"microscopy_dominant_taxa",NA,"not_applicable",NA,"water","not_provided","240913002-008",NA,"not_provided","not_applicable","not_applicable",NA,"0801SAN0436_DH_20240912T1200","1","not_provided","not_applicable",NA,2024-09-25
2024-09-12 12:00:00,"0801SAN0436_DH","QAPP-LCI-0001_V24-1_Statewide","Lake Probability Sampling 2024-2025",NA,"not_provided","not_applicable",NA,NA,"lab","NYSDEC","24L0531","QAPP-WQM-0078_V24-1_Benthic-HABs","scrape","scrape",-75.1592946591433,"lake_littoral",43.9493042827046,"UFI",NA,"240913002","Roberts,Kraft",NA,NA,"not_provided","Non-detect","U",NA,"pennate diatoms",NA,"not_provided",1,NA,"NYSDEC","none",NA,"microscopy_dominant_taxa",NA,"not_applicable",NA,"water","not_provided","240913002-008",NA,"not_provided","not_applicable","not_applicable",NA,"0801SAN0436_DH_20240912T1200","1","not_provided","not_applicable",NA,2024-09-25
2024-09-17 14:00:00,"1104ROC0424_DH","QAPP-LCI-0001_V24-1_Statewide","Lake Probability Sampling 2024-2025",NA,"not_provided","not_applicable",NA,NA,"lab","NYSDEC","24L0556","QAPP-WQM-0078_V24-1_Benthic-HABs","scrape","scrape",-73.5959137120409,"lake_littoral",43.8524235904842,"UFI",NA,"240919004","Kraft,Coppola",NA,NA,"not_provided","Non-detect","U",NA,"sphaerocystis",NA,"not_provided",1,NA,"NYSDEC","none",NA,"microscopy_dominant_taxa",NA,"not_applicable",NA,"water","not_provided","240919004-002",NA,"not_provided","not_applicable","not_applicable",NA,"1104ROC0424_DH_20240917T1400","1","not_provided","not_applicable",NA,2024-09-20
2024-09-17 14:00:00,"1104ROC0424_DH","QAPP-LCI-0001_V24-1_Statewide","Lake Probability Sampling 2024-2025",NA,"not_provided","not_applicable",NA,NA,"lab","NYSDEC","24L0556","QAPP-WQM-0078_V24-1_Benthic-HABs","scrape","scrape",-73.5959137120409,"lake_littoral",43.8524235904842,"UFI",NA,"240919004","Kraft,Coppola",NA,NA,"not_provided","Non-detect","U",NA,"filamentous greens",NA,"not_provided",1,NA,"NYSDEC","none",NA,"microscopy_dominant_taxa",NA,"not_applicable",NA,"water","not_provided","240919004-002",NA,"not_provided","not_applicable","not_applicable",NA,"1104ROC0424_DH_20240917T1400","1","not_provided","not_applicable",NA,2024-09-20
2024-09-17 14:00:00,"1104ROC0424_DH","QAPP-LCI-0001_V24-1_Statewide","Lake Probability Sampling 2024-2025",NA,"not_provided","not_applicable",NA,NA,"lab","NYSDEC","24L0556","QAPP-WQM-0078_V24-1_Benthic-HABs","scrape","scrape",-73.5959137120409,"lake_littoral",43.8524235904842,"UFI",NA,"240919004","Kraft,Coppola",NA,NA,"not_provided","Non-detect","U",NA,"pennate diatoms",NA,"not_provided",1,NA,"NYSDEC","none",NA,"microscopy_dominant_taxa",NA,"not_applicable",NA,"water","not_provided","240919004-002",NA,"not_provided","not_applicable","not_applicable",NA,"1104ROC0424_DH_20240917T1400","1","not_provided","not_applicable",NA,2024-09-20
2024-09-18 12:30:00,"1104PAR0432_DH","QAPP-LCI-0001_V24-1_Statewide","Lake Probability Sampling 2024-2025",NA,"not_provided","not_applicable",NA,NA,"lab","NYSDEC","24L0559","QAPP-WQM-0078_V24-1_Benthic-HABs","scrape","scrape",-73.7017630299696,"lake_littoral",43.8847797358918,"UFI",NA,"240919004","Coppola,Kraft",NA,NA,"not_provided","Non-detect","U",NA,"staurastrum",NA,"not_provided",1,NA,"NYSDEC","none",NA,"microscopy_dominant_taxa",NA,"not_applicable",NA,"water","not_provided","240919004-004",NA,"not_provided","not_applicable","not_applicable",NA,"1104PAR0432_DH_20240918T1230","1","not_provided","not_applicable",NA,2024-09-20
2024-09-18 12:30:00,"1104PAR0432_DH","QAPP-LCI-0001_V24-1_Statewide","Lake Probability Sampling 2024-2025",NA,"not_provided","not_applicable",NA,NA,"lab","NYSDEC","24L0559","QAPP-WQM-0078_V24-1_Benthic-HABs","scrape","scrape",-73.7017630299696,"lake_littoral",43.8847797358918,"UFI",NA,"240919004","Coppola,Kraft",NA,NA,"not_provided","Non-detect","U",NA,"dolichospermum",NA,"not_provided",1,NA,"NYSDEC","none",NA,"microscopy_dominant_taxa",NA,"not_applicable",NA,"water","not_provided","240919004-004",NA,"not_provided","not_applicable","not_applicable",NA,"1104PAR0432_DH_20240918T1230","1","not_provided","not_applicable",NA,2024-09-20
2024-09-18 12:30:00,"1104PAR0432_DH","QAPP-LCI-0001_V24-1_Statewide","Lake Probability Sampling 2024-2025",NA,"not_provided","not_applicable",NA,NA,"lab","NYSDEC","24L0559","QAPP-WQM-0078_V24-1_Benthic-HABs","scrape","scrape",-73.7017630299696,"lake_littoral",43.8847797358918,"UFI",NA,"240919004","Coppola,Kraft",NA,NA,"not_provided","Non-detect","U",NA,"pennate diatoms",NA,"not_provided",1,NA,"NYSDEC","none",NA,"microscopy_dominant_taxa",NA,"not_applicable",NA,"water","not_provided","240919004-004",NA,"not_provided","not_applicable","not_applicable",NA,"1104PAR0432_DH_20240918T1230","1","not_provided","not_applicable",NA,2024-09-20
2024-09-18 10:45:00,"0102LA5022_DH","QAPP-LCI-0001_V24-1_Statewide","Lake Probability Sampling 2024-2025",NA,"not_provided","not_applicable",NA,NA,"lab","NYSDEC","24L0565","QAPP-WQM-0078_V24-1_Benthic-HABs","scrape","scrape",-78.7814469006888,"lake_littoral",43.0044022322542,"UFI",NA,"240920002","Roberts,Thalmann",NA,NA,"not_provided","Non-detect","U",NA,"spirogyra",NA,"not_provided",1,NA,"NYSDEC","none",NA,"microscopy_dominant_taxa",NA,"not_applicable",NA,"water","not_provided","240920002-004",NA,"not_provided","not_applicable","not_applicable",NA,"0102LA5022_DH_20240918T1045","1","not_provided","not_applicable",NA,2024-09-25
2024-09-18 10:45:00,"0102LA5022_DH","QAPP-LCI-0001_V24-1_Statewide","Lake Probability Sampling 2024-2025",NA,"not_provided","not_applicable",NA,NA,"lab","NYSDEC","24L0565","QAPP-WQM-0078_V24-1_Benthic-HABs","scrape","scrape",-78.7814469006888,"lake_littoral",43.0044022322542,"UFI",NA,"240920002","Roberts,Thalmann",NA,NA,"not_provided","Non-detect","U",NA,"pennate diatoms",NA,"not_provided",1,NA,"NYSDEC","none",NA,"microscopy_dominant_taxa",NA,"not_applicable",NA,"water","not_provided","240920002-004",NA,"not_provided","not_applicable","not_applicable",NA,"0102LA5022_DH_20240918T1045","1","not_provided","not_applicable",NA,2024-09-25
2024-09-19 13:00:00,"1104SAC0314_DH","QAPP-LCI-0001_V24-1_Statewide","Lake Probability Sampling 2024-2025",NA,"not_provided","not_applicable",NA,NA,"lab","NYSDEC","24L0562","QAPP-WQM-0078_V24-1_Benthic-HABs","scrape","scrape",-74.4089289749697,"lake_littoral",43.487209066155,"UFI",NA,"240923001","Coppola,Kraft",NA,NA,"not_provided","Non-detect","U",NA,"dolichospermum",NA,"not_provided",1,NA,"NYSDEC","none",NA,"microscopy_dominant_taxa",NA,"not_applicable",NA,"water","not_provided","240923001-003",NA,"not_provided","not_applicable","not_applicable",NA,"1104SAC0314_DH_20240919T1300","1","not_provided","not_applicable",NA,2024-10-02
2024-09-19 13:00:00,"1104SAC0314_DH","QAPP-LCI-0001_V24-1_Statewide","Lake Probability Sampling 2024-2025",NA,"not_provided","not_applicable",NA,NA,"lab","NYSDEC","24L0562","QAPP-WQM-0078_V24-1_Benthic-HABs","scrape","scrape",-74.4089289749697,"lake_littoral",43.487209066155,"UFI",NA,"240923001","Coppola,Kraft",NA,NA,"not_provided","Non-detect","U",NA,"pennate diatoms",NA,"not_provided",1,NA,"NYSDEC","none",NA,"microscopy_dominant_taxa",NA,"not_applicable",NA,"water","not_provided","240923001-003",NA,"not_provided","not_applicable","not_applicable",NA,"1104SAC0314_DH_20240919T1300","1","not_provided","not_applicable",NA,2024-10-02
2024-09-19 13:00:00,"1104SAC0314_DH","QAPP-LCI-0001_V24-1_Statewide","Lake Probability Sampling 2024-2025",NA,"not_provided","not_applicable",NA,NA,"lab","NYSDEC","24L0562","QAPP-WQM-0078_V24-1_Benthic-HABs","scrape","scrape",-74.4089289749697,"lake_littoral",43.487209066155,"UFI",NA,"240923001","Coppola,Kraft",NA,NA,"not_provided","Non-detect","U",NA,"staurastrum",NA,"not_provided",1,NA,"NYSDEC","none",NA,"microscopy_dominant_taxa",NA,"not_applicable",NA,"water","not_provided","240923001-003",NA,"not_provided","not_applicable","not_applicable",NA,"1104SAC0314_DH_20240919T1300","1","not_provided","not_applicable",NA,2024-10-02
