"WATERBODY_CODE","SITE_CODE","DOMINANT_SUBSTRATE","BENTHIC_CYANOBACTERIA_COVER","BENTHIC_HAB_SUBSTRATE","CANOPY_DENSIOMETER_PERCENT"
"1101BAL1090","1101BAL1090_PHAB_2","ROCK","20","ROCK",58.8235294117647
"1301BUR0386C","1301BUR0386C_PHAB_1","FINES","0","ROCK",76.4705882352941
"1301BUR0386C","1301BUR0386C_PHAB_2","ROCK","0","ROCK",0
"1301BUR0386C","1301BUR0386C_PHAB_3","FINES","0","ROCK",64.7058823529412
"1301BUR0386C","1301BUR0386C_PHAB_4","LEAF_PACK","0","ROCK",100
"1301BUR0386C","1301BUR0386C_PHAB_5","FINES","0","ROCK",0
"1301BUR0386C","1301BUR0386C_PHAB_8","ROCK","0","ROCK",76.4705882352941
"1101BAL1090","1101BAL1090_PHAB_1","MACROPHYTE","0","WOODY",82.3529411764706
"1101BAL1090","1101BAL1090_PHAB_2","MACROPHYTE","0","WOODY",58.8235294117647
"1101BAL1090","1101BAL1090_PHAB_3","ROCK","0","ROCK",88.2352941176471
"1101BAL1090","1101BAL1090_PHAB_4","ROCK","0","ROCK",82.3529411764706
"1101BAL1090","1101BAL1090_PHAB_5","LEAF_PACK","0","ROCK",82.3529411764706
"1101BAL1090","1101BAL1090_PHAB_6","MACROPHYTE","0","WOODY",58.8235294117647
"1101BAL1090","1101BAL1090_PHAB_7","MACROPHYTE","0","FINES",17.6470588235294
"1101BAL1090","1101BAL1090_PHAB_8","FINES","0","FINES",11.7647058823529
"1201KLO0708","1201KLO0708_PHAB_3","FINES","0","ROCK",100
"1201KLO0708","1201KLO0708_PHAB_4","LEAF_PACK","0","WOODY",100
"1301BUR0386C","1301BUR0386C_PHAB_6","FINES","0","MACROPHYTE",100
"1301BUR0386C","1301BUR0386C_PHAB_7","ROCK","0","ROCK",70.5882352941177
"1201KLO0708","1201KLO0708_PHAB_1","ROCK","0","ROCK",100
"1201KLO0708","1201KLO0708_PHAB_2","WOODY","0","WOODY",100
"1201KLO0708","1201KLO0708_PHAB_5","ROCK","0","ROCK",64.7058823529412
"1201KLO0708","1201KLO0708_PHAB_6","FINES","0","WOODY",70.5882352941177
"1201KLO0708","1201KLO0708_PHAB_7","LEAF_PACK","0","WOODY",100
"1201KLO0708","1201KLO0708_PHAB_8","LEAF_PACK","0","ROCK",100
"0902UCH0002","0902UCH0002_PHAB_8","FINES","0","WOODY",0
"0902UCH0002","0902UCH0002_PHAB_7","ROCK","0","ROCK",94.1176470588235
"0902UCH0002","0902UCH0002_PHAB_6","FINES","0","FINES",76.4705882352941
"0902UCH0002","0902UCH0002_PHAB_5","FINES","0","WOODY",0
"0902UCH0002","0902UCH0002_PHAB_4","ROCK","0","FINES",0
"0902UCH0002","0902UCH0002_PHAB_3","ROCK","0","ROCK",76.4705882352941
"0902UCH0002","0902UCH0002_PHAB_2","FINES","0","ROCK",70.5882352941177
"0902UCH0002","0902UCH0002_PHAB_1","FINES","0","WOODY",0
"1005GRE0464","1005GRE0464_PHAB_2","FINES","0","LEAF_PACK",100
"1005GRE0464","1005GRE0464_PHAB_3","FINES","0","LEAF_PACK",100
"1005GRE0464","1005GRE0464_PHAB_4","LEAF_PACK","0","WOODY",58.8235294117647
"1005GRE0464","1005GRE0464_PHAB_5","FINES","0","WOODY",100
"1005GRE0464","1005GRE0464_PHAB_6","FINES","0","FINES",100
"1005GRE0464","1005GRE0464_PHAB_7","FINES","0","FINES",70.5882352941177
"1005GRE0464","1005GRE0464_PHAB_8","FINES","0","WOODY",100
"1005GRE0464","1005GRE0464_PHAB_1","FINES","0","LEAF_PACK",100
"1003SIL0073","1003SIL0073_PHAB_4","ROCK","0","ROCK",88.2352941176471
"1003SIL0073","1003SIL0073_PHAB_3","ROCK","0","ROCK",100
"1003SIL0073","1003SIL0073_PHAB_2","ROCK","0","ROCK",100
"1003SIL0073","1003SIL0073_PHAB_1","ROCK","0","ROCK",94.1176470588235
"1003SIL0073","1003SIL0073_PHAB_5","FINES","0","ROCK",52.9411764705882
"1003SIL0073","1003SIL0073_PHAB_6","ROCK","0","ROCK",100
"1003SIL0073","1003SIL0073_PHAB_7","ROCK","0","ROCK",100
"1003SIL0073","1003SIL0073_PHAB_8","FINES","10","ROCK",47.0588235294118
"0903SOU0017A","0903SOU0017A_PHAB_1","ROCK","0","ROCK",94.1176470588235
"0903SOU0017A","0903SOU0017A_PHAB_2","ROCK","0","ROCK",94.1176470588235
"0903SOU0017A","0903SOU0017A_PHAB_9","ROCK","0","ROCK",64.7058823529412
"0903SOU0017A","0903SOU0017A_PHAB_4","FINES","0","WOODY",100
"0903SOU0017A","0903SOU0017A_PHAB_3","LEAF_PACK","0","ROCK",100
"0903SOU0017A","0903SOU0017A_PHAB_5","ROCK","0","ROCK",82.3529411764706
"0903SOU0017A","0903SOU0017A_PHAB_6","ROCK","0","ROCK",82.3529411764706
"0903SOU0017A","0903SOU0017A_PHAB_7","ROCK","0","ROCK",88.2352941176471
"0903SOU0017A","0903SOU0017A_PHAB_8","ROCK","0","ROCK",82.3529411764706
"1004LAU0276","1004LAU0276_PHAB_8","FINES","0","WOODY",100
"1004LAU0276","1004LAU0276_PHAB_9","LEAF_PACK","0","WOODY",0
"1004LAU0276","1004LAU0276_PHAB_1","LEAF_PACK","0","LEAF_PACK",100
"1004LAU0276","1004LAU0276_PHAB_7","ROCK","0","ROCK",100
"1004LAU0276","1004LAU0276_PHAB_2","ROCK","0","ROCK",100
"1004LAU0276","1004LAU0276_PHAB_6","ROCK","0","ROCK",100
"1004LAU0276","1004LAU0276_PHAB_3","ROCK","0","ROCK",100
"1004LAU0276","1004LAU0276_PHAB_5","FINES","0","ROCK",100
"1004LAU0276","1004LAU0276_PHAB_4","ROCK","0","ROCK",88.2352941176471
"1301UWBXXX6","1301UWBXXX6_PHAB_1","FINES","0","WOODY",0
"1301UWBXXX6","1301UWBXXX6_PHAB_8","WOODY","0","WOODY",100
"1301UWBXXX6","1301UWBXXX6_PHAB_7","FINES","0","WOODY",94.1176470588235
"1301UWBXXX6","1301UWBXXX6_PHAB_6","LEAF_PACK","0","MACROPHYTE",76.4705882352941
"1301UWBXXX6","1301UWBXXX6_PHAB_5","LEAF_PACK","0","MACROPHYTE",94.1176470588235
"1301UWBXXX6","1301UWBXXX6_PHAB_4","FINES","0","MACROPHYTE",82.3529411764706
"1301UWBXXX6","1301UWBXXX6_PHAB_3","FINES","0","MACROPHYTE",47.0588235294118
"1301UWBXXX6","1301UWBXXX6_PHAB_2","ROCK","0","MACROPHYTE",29.4117647058824
"1301BAR0192B","1301BAR0192B_PHAB_1","FINES","0","ROCK",47.0588235294118
"1301BAR0192B","1301BAR0192B_PHAB_8","FINES","0","WOODY",0
"1301BAR0192B","1301BAR0192B_PHAB_7","FINES","0","WOODY",100
"1301BAR0192B","1301BAR0192B_PHAB_6","FINES","0","ROCK",100
"1301BAR0192B","1301BAR0192B_PHAB_5","FINES","0","ROCK",0
"1301BAR0192B","1301BAR0192B_PHAB_3","FINES","0","ROCK",0
"1301BAR0192B","1301BAR0192B_PHAB_4","FINES","0","ROCK",52.9411764705882
"1301BAR0192B","1301BAR0192B_PHAB_2","FINES","0","WOODY",100
"1203DIA0822","1203DIA0822_PHAB_7","MACROPHYTE","0","WOODY",100
"1203DIA0822","1203DIA0822_PHAB_6","MACROPHYTE","0","WOODY",0
"1203DIA0822","1203DIA0822_PHAB_5","LEAF_PACK","0","WOODY",70.5882352941177
"1203DIA0822","1203DIA0822_PHAB_4","MACROPHYTE","0","WOODY",0
"1203DIA0822","1203DIA0822_PHAB_3","MACROPHYTE","0","ROCK",70.5882352941177
"1203DIA0822","1203DIA0822_PHAB_2","FINES","0","WOODY",100
"1203DIA0822","1203DIA0822_PHAB_1","FINES","0","WOODY",47.0588235294118
"1203DIA0822","1203DIA0822_PHAB_8","ROCK","0","WOODY",100
"0903USA0296","0903USA0296_PHAB_2","FINES","0","WOODY",94.1176470588235
"0903USA0296","0903USA0296_PHAB_6","WOODY","0","ROCK",100
"0903USA0296","0903USA0296_PHAB_3","FINES","0","ROCK",100
"0903USA0296","0903USA0296_PHAB_4","FINES","0","WOODY",0
"0903USA0296","0903USA0296_PHAB_5","FINES","0","WOODY",88.2352941176471
"0903USA0296","0903USA0296_PHAB_7","ROCK","80","WOODY",94.1176470588235
"0903USA0296","0903USA0296_PHAB_8","FINES","80","ROCK",100
"0903USA0296","0903USA0296_PHAB_1","ROCK","40","ROCK",100
"1203BUT0836","1203BUT0836_PHAB_7","ROCK","0","ROCK",100
"1203BUT0836","1203BUT0836_PHAB_8","LEAF_PACK","0","WOODY",100
"1203BUT0836","1203BUT0836_PHAB_1","WOODY","0","ROCK",100
"1203BUT0836","1203BUT0836_PHAB_2","ROCK","0","WOODY",100
"1203BUT0836","1203BUT0836_PHAB_3","ROCK","0","FINES",94.1176470588235
"1203BUT0836","1203BUT0836_PHAB_4","WOODY","0","WOODY",100
"1203BUT0836","1203BUT0836_PHAB_5","LEAF_PACK","0","WOODY",88.2352941176471
"1203BUT0836","1203BUT0836_PHAB_6","LEAF_PACK","0","WOODY",100
"0801WHI0958","0801WHI0958_PHAB_1","FINES","0","ROCK",76.4705882352941
"0801WHI0958","0801WHI0958_PHAB_7","FINES","0","ROCK",58.8235294117647
"0801WHI0958","0801WHI0958_PHAB_6","ROCK","0","ROCK",70.5882352941177
"0801WHI0958","0801WHI0958_PHAB_5","FINES","0","ROCK",76.4705882352941
"0801WHI0958","0801WHI0958_PHAB_4","FINES","0","ROCK",94.1176470588235
"0801WHI0958","0801WHI0958_PHAB_3","ROCK","0","ROCK",100
"0801WHI0958","0801WHI0958_PHAB_2","FINES","0","FINES",100
"0801WHI0958","0801WHI0958_PHAB_8","WOODY","30","ROCK",94.1176470588235
"0801PEA0502","0801PEA0502_PHAB_1","MACROPHYTE","0","WOODY",88.2352941176471
"0801PEA0502","0801PEA0502_PHAB_2","FINES","0","WOODY",94.1176470588235
"0801PEA0502","0801PEA0502_PHAB_3","FINES","0","WOODY",82.3529411764706
"0801PEA0502","0801PEA0502_PHAB_4","FINES","0","WOODY",100
"0801PEA0502","0801PEA0502_PHAB_5","FINES","0","WOODY",76.4705882352941
"0801PEA0502","0801PEA0502_PHAB_6","FINES","0","WOODY",47.0588235294118
"0801PEA0502","0801PEA0502_PHAB_7","FINES","0","WOODY",52.9411764705882
"0801PEA0502","0801PEA0502_PHAB_8","FINES","0","LEAF_PACK",47.0588235294118
"0801SEV0787A","0801SEV0787A_PHAB_4","ROCK","0","ROCK",88.2352941176471
"0801SEV0787A","0801SEV0787A_PHAB_3","ROCK","0","WOODY",70.5882352941177
"0801SEV0787A","0801SEV0787A_PHAB_2","FINES","0","WOODY",94.1176470588235
"0801SEV0787A","0801SEV0787A_PHAB_9","FINES",NA,NA,100
"0801SEV0787A","0801SEV0787A_PHAB_5","ROCK","0","ROCK",76.4705882352941
"0801SEV0787A","0801SEV0787A_PHAB_6","FINES","0","WOODY",29.4117647058824
"0801SEV0787A","0801SEV0787A_PHAB_7","FINES","0","ROCK",100
"0801SEV0787A","0801SEV0787A_PHAB_8","FINES","0","ROCK",76.4705882352941
"0801SEV0787A","0801SEV0787A_PHAB_1","ROCK","0","ROCK",100
"1201NIN0719","1201NIN0719_PHAB_3","LEAF_PACK","10","LEAF_PACK",88.2352941176471
"1201NIN0719","1201NIN0719_PHAB_4","MACROPHYTE","30","MACROPHYTE",88.2352941176471
"1201NIN0719","1201NIN0719_PHAB_5","MACROPHYTE","0","ROCK",5.88235294117647
"1201NIN0719","1201NIN0719_PHAB_6","WOODY","0","ROCK",88.2352941176471
"1201NIN0719","1201NIN0719_PHAB_7","LEAF_PACK","0","WOODY",100
"1201NIN0719","1201NIN0719_PHAB_8","MACROPHYTE","0","FINES",52.9411764705882
"1201NIN0719","1201NIN0719_PHAB_1","WOODY","20","WOODY",100
"1201NIN0719","1201NIN0719_PHAB_2","ROCK","0","ROCK",64.7058823529412
"0703PLE0019","0703PLE0019_PHAB_7","FINES","0","WOODY",100
"0703PLE0019","0703PLE0019_PHAB_8","ROCK","0","WOODY",94.1176470588235
"0703PLE0019","0703PLE0019_PHAB_1","FINES","0","ROCK",23.5294117647059
"0703PLE0019","0703PLE0019_PHAB_2","MACROPHYTE","0","WOODY",58.8235294117647
"0703PLE0019","0703PLE0019_PHAB_3","FINES","10","FINES",47.0588235294118
"0703PLE0019","0703PLE0019_PHAB_4","FINES","0","FINES",100
"0703PLE0019","0703PLE0019_PHAB_5","FINES","0","ROCK",58.8235294117647
"0703PLE0019","0703PLE0019_PHAB_6","FINES","0","ROCK",100
"1201WHE0949","1201WHE0949_PHAB_2","FINES","0","WOODY",100
"1201WHE0949","1201WHE0949_PHAB_3","FINES","0","ROCK",100
"1201WHE0949","1201WHE0949_PHAB_4","FINES","0","FINES",0
"1201WHE0949","1201WHE0949_PHAB_5","FINES","0","FINES",0
"1201WHE0949","1201WHE0949_PHAB_6","FINES","0","ROCK",17.6470588235294
"1201WHE0949","1201WHE0949_PHAB_7","FINES","0","WOODY",0
"1201WHE0949","1201WHE0949_PHAB_8","MACROPHYTE","0","ROCK",0
"1201WHE0949","1201WHE0949_PHAB_1","FINES","0","ROCK",0
"0602BEA5495","0602BEA5495_PHAB_3","MACROPHYTE","0","ROCK",47.0588235294118
"0602BEA5495","0602BEA5495_PHAB_2","MACROPHYTE","0","MACROPHYTE",100
"0602BEA5495","0602BEA5495_PHAB_1","MACROPHYTE","0","MACROPHYTE",0
"0602BEA5495","0602BEA5495_PHAB_8","FINES","0","WOODY",0
"0602BEA5495","0602BEA5495_PHAB_7","MACROPHYTE","0","WOODY",100
"0602BEA5495","0602BEA5495_PHAB_6","MACROPHYTE","0","MACROPHYTE",17.6470588235294
"0602BEA5495","0602BEA5495_PHAB_5","MACROPHYTE","0","WOODY",5.88235294117647
"0602BEA5495","0602BEA5495_PHAB_4","MACROPHYTE","0","MACROPHYTE",47.0588235294118
"0705JEN0349","0705JEN0349_PHAB_6","FINES","0","FINES",52.9411764705882
"0705JEN0349","0705JEN0349_PHAB_5","FINES","0","WOODY",35.2941176470588
"0705JEN0349","0705JEN0349_PHAB_4","FINES","0","FINES",0
"0705JEN0349","0705JEN0349_PHAB_3","FINES","0","FINES",0
"0705JEN0349","0705JEN0349_PHAB_2","FINES","0","WOODY",0
"0705JEN0349","0705JEN0349_PHAB_1","FINES","0","WOODY",23.5294117647059
"0705JEN0349","0705JEN0349_PHAB_8","FINES","0","WOODY",0
"0705JEN0349","0705JEN0349_PHAB_7","FINES","0","WOODY",0
"0602PER0044A","0602PER0044A_PHAB_4","FINES","0","ROCK",100
"0602PER0044A","0602PER0044A_PHAB_5","FINES","0","WOODY",100
"0602PER0044A","0602PER0044A_PHAB_6","MACROPHYTE","0","WOODY",100
"0602PER0044A","0602PER0044A_PHAB_7","WOODY","0","WOODY",82.3529411764706
"0602PER0044A","0602PER0044A_PHAB_8","MACROPHYTE","0","WOODY",100
"0602PER0044A","0602PER0044A_PHAB_1","MACROPHYTE","0","WOODY",58.8235294117647
"0602PER0044A","0602PER0044A_PHAB_2","MACROPHYTE","0","MACROPHYTE",76.4705882352941
"0602PER0044A","0602PER0044A_PHAB_3","ROCK","0","ROCK",88.2352941176471
"1601UWB1129","1601UWB1129_PHAB_6","FINES","0","WOODY",52.9411764705882
"1601UWB1129","1601UWB1129_PHAB_1","ROCK","0","WOODY",88.2352941176471
"1601UWB1129","1601UWB1129_PHAB_3","FINES","0","WOODY",88.2352941176471
"1601UWB1129","1601UWB1129_PHAB_4","LEAF_PACK","0","LEAF_PACK",100
"1601UWB1129","1601UWB1129_PHAB_5","LEAF_PACK","0","ROCK",100
"1601UWB1129","1601UWB1129_PHAB_7","ROCK","0","ROCK",94.1176470588235
"1601UWB1129","1601UWB1129_PHAB_8","FINES","0","WOODY",100
"1601UWB1129","1601UWB1129_PHAB_1","ROCK","0","ROCK",100
"1401WHI0117","1401WHI0117_PHAB_3","FINES","0","ROCK",5.88235294117647
"1401WHI0117","1401WHI0117_PHAB_4","FINES","0","WOODY",94.1176470588235
"1401WHI0117","1401WHI0117_PHAB_5","FINES","0","OTHER",17.6470588235294
"1401WHI0117","1401WHI0117_PHAB_6","FINES","0","ROCK",0
"1401WHI0117","1401WHI0117_PHAB_7","FINES","0","ROCK",64.7058823529412
"1401WHI0117","1401WHI0117_PHAB_8","WOODY","0","ROCK",100
"1401WHI0117","1401WHI0117_PHAB_1","ROCK","0","WOODY",100
"1401WHI0117","1401WHI0117_PHAB_2","FINES","0","FINES",29.4117647058824
"0603UWB5167","0603UWB5167_PHAB_1","MACROPHYTE","0","MACROPHYTE",29.4117647058824
"0603UWB5167","0603UWB5167_PHAB_8","FINES","0","ROCK",17.6470588235294
"0603UWB5167","0603UWB5167_PHAB_7","ROCK","0","ROCK",5.88235294117647
"0603UWB5167","0603UWB5167_PHAB_6","ROCK","0","ROCK",100
"0603UWB5167","0603UWB5167_PHAB_5","ROCK","0","ROCK",94.1176470588235
"0603UWB5167","0603UWB5167_PHAB_4","ROCK","0","ROCK",64.7058823529412
"0603UWB5167","0603UWB5167_PHAB_3","FINES","0","LEAF_PACK",70.5882352941177
"0603UWB5167","0603UWB5167_PHAB_2","MACROPHYTE","0","LEAF_PACK",17.6470588235294
"0303LAK1031","0303LAK1031_PHAB_1","FINES","0","MACROPHYTE",82.3529411764706
"0303LAK1031","0303LAK1031_PHAB_8","FINES","0","WOODY",23.5294117647059
"0303LAK1031","0303LAK1031_PHAB_7","FINES","0","MACROPHYTE",47.0588235294118
"0303LAK1031","0303LAK1031_PHAB_6","FINES","0","MACROPHYTE",58.8235294117647
"0303LAK1031","0303LAK1031_PHAB_5","MACROPHYTE","0","MACROPHYTE",0
"0303LAK1031","0303LAK1031_PHAB_4","MACROPHYTE","0","WOODY",29.4117647058824
"0303LAK1031","0303LAK1031_PHAB_3","FINES","0","WOODY",17.6470588235294
"0303LAK1031","0303LAK1031_PHAB_2","MACROPHYTE","0","MACROPHYTE",23.5294117647059
"0905LON0237","0905LON0237_PHAB_8","FINES","0","ROCK",52.9411764705882
"0905LON0237","0905LON0237_PHAB_1","ROCK","0","ROCK",58.8235294117647
"0905LON0237","0905LON0237_PHAB_2","ROCK","0","ROCK",94.1176470588235
"0905LON0237","0905LON0237_PHAB_3","WOODY","0","WOODY",100
"0905LON0237","0905LON0237_PHAB_4","WOODY","0","WOODY",94.1176470588235
"0905LON0237","0905LON0237_PHAB_5","FINES","0","ROCK",94.1176470588235
"0905LON0237","0905LON0237_PHAB_6","ROCK","0","ROCK",100
"0905LON0237","0905LON0237_PHAB_7","ROCK","0","ROCK",100
"0303LIG0018A","0303LIG0018A_PHAB_6","ROCK","0","ROCK",100
"0303LIG0018A","0303LIG0018A_PHAB_5","ROCK","0","ROCK",100
"0303LIG0018A","0303LIG0018A_PHAB_4","ROCK","0","ROCK",100
"0303LIG0018A","0303LIG0018A_PHAB_3","ROCK","0","ROCK",47.0588235294118
"0303LIG0018A","0303LIG0018A_PHAB_2","ROCK","0","ROCK",94.1176470588235
"0303LIG0018A","0303LIG0018A_PHAB_8","ROCK","0","ROCK",100
"0303LIG0018A","0303LIG0018A_PHAB_1","ROCK","0","ROCK",94.1176470588235
"0303LIG0018A","0303LIG0018A_PHAB_7","ROCK","0","ROCK",100
"0906GRA0051","0906GRA0051_PHAB_8","MACROPHYTE","0","MACROPHYTE",35.2941176470588
"0906GRA0051","0906GRA0051_PHAB_1","ROCK","0","ROCK",94.1176470588235
"0906GRA0051","0906GRA0051_PHAB_4","MACROPHYTE","0","MACROPHYTE",76.4705882352941
"0906GRA0051","0906GRA0051_PHAB_5","MACROPHYTE","0","WOODY",64.7058823529412
"0906GRA0051","0906GRA0051_PHAB_6","MACROPHYTE","0","MACROPHYTE",76.4705882352941
"0906GRA0051","0906GRA0051_PHAB_2","ROCK","0","ROCK",100
"0906GRA0051","0906GRA0051_PHAB_3","ROCK","0","ROCK",94.1176470588235
"0906GRA0051","0906GRA0051_PHAB_7","ROCK","0","ROCK",41.1764705882353
"0903PIE0085","0903PIE0085_PHAB_6","ROCK","0","ROCK",29.4117647058824
"0903PIE0085","0903PIE0085_PHAB_5","ROCK","0","ROCK",17.6470588235294
"0903PIE0085","0903PIE0085_PHAB_4","WOODY","0","WOODY",100
"0903PIE0085","0903PIE0085_PHAB_3","MACROPHYTE","0","MACROPHYTE",94.1176470588235
"0903PIE0085","0903PIE0085_PHAB_2","FINES","0","FINES",0
"0903PIE0085","0903PIE0085_PHAB_1","ROCK","0","ROCK",100
"0903PIE0085","0903PIE0085_PHAB_8","FINES","0","FINES",76.4705882352941
"0903PIE0085","0903PIE0085_PHAB_7","ROCK","0","ROCK",82.3529411764706
"1004AUG0213","1004AUG0213_PHAB_8","ROCK","0","ROCK",88.2352941176471
"1004AUG0213","1004AUG0213_PHAB_1","ROCK","0","ROCK",94.1176470588235
"1004AUG0213","1004AUG0213_PHAB_2","ROCK","0","ROCK",100
"1004AUG0213","1004AUG0213_PHAB_3","FINES","0","LEAF_PACK",0
"1004AUG0213","1004AUG0213_PHAB_4","LEAF_PACK","0","LEAF_PACK",47.0588235294118
"1004AUG0213","1004AUG0213_PHAB_5","ROCK","0","ROCK",82.3529411764706
"1004AUG0213","1004AUG0213_PHAB_6","WOODY","0","WOODY",100
"1004AUG0213","1004AUG0213_PHAB_7","FINES","0","FINES",88.2352941176471
"0905CHA0303","0905CHA0303_PHAB_8","MACROPHYTE","0","WOODY",41.1764705882353
"0905CHA0303","0905CHA0303_PHAB_1","MACROPHYTE","0","WOODY",0
"0905CHA0303","0905CHA0303_PHAB_2","FINES","0","FINES",0
"0905CHA0303","0905CHA0303_PHAB_3","MACROPHYTE","0","WOODY",94.1176470588235
"0905CHA0303","0905CHA0303_PHAB_7","ROCK","0","ROCK",23.5294117647059
"0905CHA0303","0905CHA0303_PHAB_6","FINES","0","WOODY",88.2352941176471
"0905CHA0303","0905CHA0303_PHAB_9","LEAF_PACK","0","WOODY",88.2352941176471
"0905CHA0303","0905CHA0303_PHAB_5","FINES","0","FINES",88.2352941176471
"0905CHA0303","0905CHA0303_PHAB_4","WOODY","0","WOODY",100
"1104THI0540","1104THI0540_PHAB_5","MACROPHYTE","0","ROCK",29.4117647058824
"1104THI0540","1104THI0540_PHAB_6","MACROPHYTE","0","WOODY",11.7647058823529
"1104THI0540","1104THI0540_PHAB_7","ROCK","0","ROCK",100
"1104THI0540","1104THI0540_PHAB_8","FINES","0","ROCK",100
"1104THI0540","1104THI0540_PHAB_1","ROCK","0","ROCK",100
"1104THI0540","1104THI0540_PHAB_2","ROCK","0","ROCK",100
"1104THI0540","1104THI0540_PHAB_3","FINES","0","WOODY",88.2352941176471
"1104THI0540","1104THI0540_PHAB_4","FINES","0","WOODY",47.0588235294118
"1005UWBXXX1","1005UWBXXX1_PHAB_6","ROCK","0","ROCK",100
"1005UWBXXX1","1005UWBXXX1_PHAB_7","FINES","0","WOODY",100
"1005UWBXXX1","1005UWBXXX1_PHAB_8","FINES","0","LEAF_PACK",94.1176470588235
"1005UWBXXX1","1005UWBXXX1_PHAB_1","FINES","0","WOODY",0
"1005UWBXXX1","1005UWBXXX1_PHAB_2","FINES","0","WOODY",23.5294117647059
"1005UWBXXX1","1005UWBXXX1_PHAB_3","FINES","0","WOODY",58.8235294117647
"1005UWBXXX1","1005UWBXXX1_PHAB_4","FINES","0","WOODY",35.2941176470588
"1005UWBXXX1","1005UWBXXX1_PHAB_5","FINES","0","WOODY",29.4117647058824
"0902LSA0257A","0902LSA0257A_PHAB_1","LEAF_PACK","0","MACROPHYTE",0
"0902LSA0257A","0902LSA0257A_PHAB_2","FINES","0","MACROPHYTE",0
"0902LSA0257A","0902LSA0257A_PHAB_6","FINES","0","WOODY",100
"0902LSA0257A","0902LSA0257A_PHAB_3","LEAF_PACK","0","WOODY",100
"0902LSA0257A","0902LSA0257A_PHAB_5","LEAF_PACK","0","ROCK",88.2352941176471
"0902LSA0257A","0902LSA0257A_PHAB_4","FINES","20","MACROPHYTE",0
"0902LSA0257A","0902LSA0257A_PHAB_7","FINES","0","WOODY",82.3529411764706
"0902LSA0257A","0902LSA0257A_PHAB_8","ROCK","0","ROCK",64.7058823529412
"1303BEA0234","1303BEA0234_PHAB_5","ROCK","0","ROCK",0
"1403FOR0322","1403FOR0322_PHAB_8","FINES","0","ROCK",0
"1403FOR0322","1403FOR0322_PHAB_7","FINES","0","ROCK",0
"1403FOR0322","1403FOR0322_PHAB_6","FINES","0","ROCK",47.0588235294118
"1403FOR0322","1403FOR0322_PHAB_5","FINES","0","ROCK",41.1764705882353
"1403FOR0322","1403FOR0322_PHAB_4","FINES","0","ROCK",47.0588235294118
"1403FOR0322","1403FOR0322_PHAB_3","WOODY","0","ROCK",35.2941176470588
"1403FOR0322","1403FOR0322_PHAB_2","FINES","0","WOODY",58.8235294117647
"1403FOR0322","1403FOR0322_PHAB_1","FINES","0","ROCK",17.6470588235294
"1401BIG0075","1401BIG0075_PHAB_1","FINES","0","MACROPHYTE",35.2941176470588
"1401BIG0075","1401BIG0075_PHAB_2","FINES","0","FINES",5.88235294117647
"1401BIG0075","1401BIG0075_PHAB_3","ROCK","30","ROCK",88.2352941176471
"1401BIG0075","1401BIG0075_PHAB_4","FINES","0","MACROPHYTE",17.6470588235294
"1401BIG0075","1401BIG0075_PHAB_6","FINES","0","MACROPHYTE",35.2941176470588
"1401BIG0075","1401BIG0075_PHAB_7","FINES","0","FINES",0
"1401BIG0075","1401BIG0075_PHAB_8","FINES","0","MACROPHYTE",0
"1401BIG0075","1401BIG0075_PHAB_5","FINES","0","MACROPHYTE",0
"1401MUD0175","1401MUD0175_PHAB_3","LEAF_PACK","0","MACROPHYTE",0
"1401MUD0175","1401MUD0175_PHAB_2","FINES","0","FINES",0
"1401MUD0175","1401MUD0175_PHAB_1","FINES","0","MACROPHYTE",5.88235294117647
"1401MUD0175","1401MUD0175_PHAB_8","FINES","0","WOODY",11.7647058823529
"1401MUD0175","1401MUD0175_PHAB_7","MACROPHYTE","0","MACROPHYTE",0
"1401MUD0175","1401MUD0175_PHAB_6","MACROPHYTE","0","MACROPHYTE",0
"1401MUD0175","1401MUD0175_PHAB_5","MACROPHYTE","0","WOODY",0
"1401MUD0175","1401MUD0175_PHAB_4","FINES","0","MACROPHYTE",0
"1306DEW0449","1306DEW0449_PHAB_1","ROCK","0","ROCK",88.2352941176471
"1306DEW0449","1306DEW0449_PHAB_2","FINES","0","ROCK",17.6470588235294
"1306DEW0449","1306DEW0449_PHAB_3","ROCK","0","ROCK",88.2352941176471
"1306DEW0449","1306DEW0449_PHAB_4","FINES","0","WOODY",100
"1306DEW0449","1306DEW0449_PHAB_5","FINES","0","FINES",94.1176470588235
"1306DEW0449","1306DEW0449_PHAB_6","ROCK","0","ROCK",94.1176470588235
"1306DEW0449","1306DEW0449_PHAB_7","FINES","40","ROCK",82.3529411764706
"1306DEW0449","1306DEW0449_PHAB_8","FINES","40","FINES",94.1176470588235
"0201CUB0115","0201CUB0115_PHAB_3","FINES","0","ROCK",70.5882352941177
"0201CUB0115","0201CUB0115_PHAB_4","FINES","0","WOODY",35.2941176470588
"0201CUB0115","0201CUB0115_PHAB_2","ROCK","0","ROCK",76.4705882352941
"0201CUB0115","0201CUB0115_PHAB_1","FINES","0","ROCK",0
"0201CUB0115","0201CUB0115_PHAB_8","ROCK","0","ROCK",0
"0201CUB0115","0201CUB0115_PHAB_7","ROCK","0","ROCK",0
"0201CUB0115","0201CUB0115_PHAB_6","ROCK","0","ROCK",5.88235294117647
"0201CUB0115","0201CUB0115_PHAB_5","ROCK","0","ROCK",94.1176470588235
"0201ALM5535","0201ALM5535_PHAB_5","ROCK","0","ROCK",47.0588235294118
"0201ALM5535","0201ALM5535_PHAB_6","FINES","0","WOODY",94.1176470588235
"0201ALM5535","0201ALM5535_PHAB_7","MACROPHYTE","0","MACROPHYTE",11.7647058823529
"0201ALM5535","0201ALM5535_PHAB_8","ROCK","0","WOODY",100
"0201ALM5535","0201ALM5535_PHAB_1","FINES","0","ROCK",100
"0201ALM5535","0201ALM5535_PHAB_2","LEAF_PACK","0","ROCK",100
"0201ALM5535","0201ALM5535_PHAB_4","LEAF_PACK","0","ROCK",76.4705882352941
"0201ALM5535","0201ALM5535_PHAB_3","ROCK","0","WOODY",94.1176470588235
"1701WIC0812","1701WIC0812_PHAB_1","FINES","0","WOODY",11.7647058823529
"1701WIC0812","1701WIC0812_PHAB_2","FINES","0","ROCK",17.6470588235294
"1701WIC0812","1701WIC0812_PHAB_3","FINES","0","ROCK",29.4117647058824
"1701WIC0812","1701WIC0812_PHAB_4","FINES","0","WOODY",41.1764705882353
"1701WIC0812","1701WIC0812_PHAB_5","FINES","0","FINES",47.0588235294118
"1701WIC0812","1701WIC0812_PHAB_6","ROCK","0","ROCK",0
"1701WIC0812","1701WIC0812_PHAB_7","ROCK","0","ROCK",0
"1701WIC0812","1701WIC0812_PHAB_8","FINES","0","WOODY",94.1176470588235
